cycle,precrack_half_width,precrack_x_max,fem_n_elem_precrack_mask,fem_n_elem_outside_precrack,fem_d_max_outside_precrack,fem_d_mean_outside_precrack,fem_hist_max_outside_precrack,fem_hist_mean_outside_precrack,fem_f_min_outside_precrack,fem_f_mean_outside_precrack,fem_psi_max_outside_precrack,fem_psi_mean_outside_precrack,fem_E_el,fem_E_d,pidl_n_elem_precrack_mask,pidl_n_elem_outside_precrack,pidl_hist_max_outside_precrack,pidl_hist_mean_outside_precrack,pidl_f_min_outside_precrack,pidl_f_mean_outside_precrack,pidl_psi_max_outside_precrack,pidl_psi_mean_outside_precrack,pidl_E_el_outside_precrack,pidl_E_d_outside_precrack,pidl_E_hist_outside_precrack,fem_E_d_increment_from_first,pidl_E_d_outside_increment_from_first,ratio_E_d_outside_increment_pidl_over_fem,ratio_hist_max_outside_pidl_over_fem,ratio_hist_mean_outside_pidl_over_fem,ratio_f_min_outside_pidl_over_fem,ratio_psi_max_outside_pidl_over_fem
1,0.02,0.0,2053,75677,0.07689806073904037,1.961171074071899e-05,1.2298473119735718,0.011120691895484924,0.4666893184185028,0.9999803900718689,1.4555232524871826,0.011139282956719398,0.00485565,5.07731e-07,11599,55677,0.7367163896560669,0.0142222512513399,0.6538223028182983,0.9999727010726928,0.3754083216190338,0.0071169016882777,0.0047701951116323,6.746650615241379e-05,0.0,0.0,0.0,,0.5990307760024589,1.2788998548835104,1.4009797889395539,0.2579198380908997
2,0.02,0.0,2053,75677,0.13840357959270477,2.778727503027767e-05,2.476581335067749,0.022251272574067116,0.17502504587173462,0.9999064803123474,1.7178995609283447,0.011162054724991322,0.00485449,2.39495e-06,11599,55677,1.119983196258545,0.0213412195444107,0.3810473978519439,0.9998430013656616,0.3832668364048004,0.007118968758732,0.0047695012763142,5.657953443005681e-05,0.0,1.8872189999999998e-06,-1.0886971722356975e-05,-5.768790862298958,0.4522295231736885,0.9591010794269338,2.177102116751855,0.22310200498432217
3,0.02,0.0,2053,75677,0.26593104004859924,5.236258584773168e-05,3.7698681354522705,0.03340206667780876,0.08221747726202011,0.9997631907463074,2.5722715854644775,0.011220172047615051,0.00485174,1.41238e-05,11599,55677,1.474104404449463,0.0284626558423042,0.2566018402576446,0.9996126294136048,0.3829941153526306,0.0071214358322322,0.004768718034029,4.401749902172014e-05,0.0,1.3616069e-05,-2.3449007130693644e-05,-1.7221568964356484,0.391022802783688,0.8521225981868318,3.1210133028027163,0.1488933429568142
4,0.02,0.0,2053,75677,0.9353845119476318,0.0002709231630433351,4.673244476318359,0.04471021890640259,0.04857860878109932,0.9995048642158508,90.99286651611328,0.013109080493450165,0.00482873,0.000125612,11599,55677,1.8097518682479856,0.0355865247547626,0.1874430328607559,0.9993196129798888,0.3630914390087127,0.0071238675154745,0.0047673848457634,3.1175706681096926e-05,0.0,0.000125104269,-3.629079947131686e-05,-0.2900844212703634,0.3872581195824214,0.7959371621342374,3.858550863516806,0.003990328614874612
5,0.02,0.0,2053,75677,1.007691502571106,0.0005650121020153165,5.283147811889648,0.05610961839556694,0.03764703869819641,0.9991582036018372,316.7960205078125,0.02171712927520275,0.00480511,0.000165082,11599,55677,2.1495938301086426,0.0427248142659664,0.1424430906772613,0.998969554901123,0.3830268383026123,0.0071382909081876,0.0047581330873072,2.567707451817114e-05,0.0,0.000164574269,-4.1789431634242646e-05,-0.25392445543381176,0.4068774727958609,0.7614525902628838,3.783646618773376,0.0012090645510276115
6,0.02,0.0,2053,75677,1.0148916244506836,0.0009869495406746864,5.812063694000244,0.06757359951734543,0.035486552864313126,0.9987387657165527,572.10498046875,0.040862832218408585,0.00477568,0.000201671,11599,55677,2.3830525875091553,0.0498525612056255,0.1203080937266349,0.9985837936401368,0.4446184635162353,0.0071277455426752,0.0047353086993098,3.086216020165011e-05,0.0,0.000201163269,-3.660434595076367e-05,-0.1819633680280055,0.41001831930526933,0.7377520446106897,3.390244586073113,0.0007771623717590091
7,0.02,0.0,2053,75677,1.0174702405929565,0.001559330034069717,6.646164417266846,0.07909907400608063,0.033786579966545105,0.9981898665428162,888.810791015625,0.07618817687034607,0.00474113,0.000243963,11599,55677,2.4338858127593994,0.0569640286266803,0.1161752417683601,0.9981548190116882,0.4766480028629303,0.0071114711463451,0.0047081881202757,3.865519829560071e-05,0.0,0.00024345526900000002,-2.8811307856813073e-05,-0.11834333253560872,0.3662090884234106,0.7201604992531426,3.4385025617684546,0.0005362761204983513
8,0.02,0.0,2053,75677,1.0185401439666748,0.002123328624293208,7.740311622619629,0.09063573181629181,0.0325305238366127,0.9975279569625854,1155.4456787109375,0.11467821151018143,0.00471147,0.000280359,11599,55677,2.462283134460449,0.0640555545687675,0.1139585450291633,0.9976806640625,0.5354892015457153,0.0070915236137807,0.0046826456673443,4.4909174903295934e-05,0.0,0.00027985126899999997,-2.255733124911785e-05,-0.08060471310250822,0.3181116283826199,0.7067362207501202,3.503126651188579,0.0004634481840315756
9,0.02,0.0,2053,75677,1.0199437141418457,0.0028420938178896904,9.216608047485352,0.10220857709646225,0.03138389438390732,0.9967685341835022,1477.4266357421875,0.1849796324968338,0.00467535,0.000326106,11599,55677,2.4717202186584473,0.0711226612329483,0.1132359132170677,0.9971586465835572,0.4315508902072906,0.0070671127177774,0.004652596078813,5.412570317275822e-05,0.0,0.000325598269,-1.3340802979655564e-05,-0.04097319995167285,0.2681811145622959,0.6958580507957202,3.6080899276519216,0.00029209632462765255
10,0.02,0.0,2053,75677,1.0203875303268433,0.003567884676158428,10.988102912902832,0.11374207586050034,0.030270259827375412,0.9959748983383179,1791.4364013671875,0.28532031178474426,0.00463956,0.000370569,11599,55677,2.5022592544555664,0.0781655460596084,0.1109439507126808,0.9965802431106568,0.5183942914009094,0.0070428764447569,0.0046261623501777,6.085908171371557e-05,0.0,0.000370061269,-6.607424438698217e-06,-0.01785494725387816,0.22772441014520137,0.6872175091605943,3.6651139218946116,0.0002893735390244842
11,0.02,0.0,2053,75677,1.020580768585205,0.004317340906709433,13.024201393127441,0.12522275745868683,0.02912830002605915,0.9951207041740417,2130.03271484375,0.3981902599334717,0.00460321,0.000415864,11599,55677,2.620850086212158,0.0851777195930481,0.1026725098490715,0.9959492683410645,0.437421441078186,0.0070121749304234,0.0045935939997434,7.20268435543403e-05,0.0,0.000415356269,4.5603374019265175e-06,0.010979339286020304,0.20122923526006883,0.6802095826802864,3.524837005840274,0.0002053590247839331
12,0.02,0.0,2053,75677,1.0205951929092407,0.0050435662269592285,15.284892082214355,0.13664022088050842,0.02796655334532261,0.9942116141319275,2696.318603515625,0.5254315733909607,0.00456807,0.000459282,11599,55677,2.7264699935913086,0.0921621620655059,0.0960604846477508,0.9952529072761536,0.4836032092571258,0.0069844406098127,0.0045643812045454,8.129033085424453e-05,0.0,0.00045877426899999996,1.3823824701830745e-05,0.030132083763029758,0.17837679055410896,0.6744878006754798,3.4348345847850736,0.00017935684923383103
13,0.02,0.0,2053,75677,1.020517110824585,0.005871390458196402,17.77474594116211,0.14802317321300507,0.026780351996421814,0.9932348132133484,3322.873046875,0.677167534828186,0.00452826,0.000508473,11599,55677,2.8319778442382812,0.0991154983639717,0.0900732427835464,0.99449223279953,0.4566568434238434,0.0069533311761915,0.0045288139954209,9.49842797126621e-05,0.0,0.000507965269,2.7517773560248315e-05,0.05417254926585998,0.15932592531070108,0.6695944710045142,3.3634077250209895,0.00013742831488952216
14,0.02,0.0,2053,75677,1.0203148126602173,0.006642321590334177,20.43472671508789,0.15932157635688782,0.025624796748161316,0.992214560508728,3886.3046875,0.8371195793151855,0.0044915,0.000553429,11599,55677,2.93815541267395,0.1060366705060005,0.0845958441495895,0.9936451315879822,0.4634394943714142,0.0069211749359965,0.0044980142265558,0.0001045780954882,0.0,0.0005529212690000001,3.711158933578622e-05,0.06711912059904176,0.14378246666272154,0.665551226209772,3.301327420505671,0.00011924939798519444
15,0.02,0.0,2053,75677,1.0200395584106445,0.007497122511267662,23.258852005004883,0.17056258022785187,0.024513015523552895,0.9911242723464966,4507.75732421875,1.0340317487716675,0.00445056,0.000603542,11599,55677,3.0388071537017822,0.1129256039857864,0.0798520743846893,0.9927375316619872,0.425849437713623,0.0068889316171407,0.0044599235989153,0.0001203481151605,0.0,0.000603034269,5.2881609008086214e-05,0.08769254373516576,0.13065163977344565,0.6620772495053185,3.257537788770413,9.447035567457659e-05
16,0.02,0.0,2053,75677,1.0196776390075684,0.008329104632139206,26.190359115600586,0.18173334002494812,0.02348180301487446,0.9899470210075378,5074.1044921875,1.2195496559143066,0.00441214,0.000650327,11599,55677,3.139336109161377,0.1197777763009071,0.0755015090107917,0.991753101348877,0.4858247339725494,0.0068521820940077,0.0044267266057431,0.0001320938026765,0.0,0.0006498192690000001,6.462729652408623e-05,0.09945426306539122,0.11986609634884295,0.6590853185467463,3.2153199208325507,9.574590643936566e-05
17,0.02,0.0,2053,75677,1.019256353378296,0.009216324426233768,29.206680297851562,0.1928577721118927,0.02254018932580948,0.9887021780014038,5663.462890625,1.4360530376434326,0.00437173,0.000699466,11599,55677,3.219871282577514,0.1265827119350433,0.0722676962614059,0.9907166957855223,0.3968971371650696,0.0068049295805394,0.0043885009363293,0.0001473553129471,0.0,0.0006989582690000001,7.988880679468623e-05,0.11429696211904493,0.11024434306607477,0.6563526610771083,3.206170774202695,7.008029271668263e-05
18,0.02,0.0,2053,75677,1.0187883377075195,0.010197723284363747,32.293968200683594,0.2039230316877365,0.021683068946003914,0.9873831868171692,6302.376953125,1.7005823850631714,0.0043273,0.000753381,11599,55677,3.280165433883667,0.1333393603563308,0.0699807107448577,0.989604949951172,0.4625098705291748,0.0067566544748842,0.0043536266312003,0.0001600492541911,0.0,0.000752873269,9.258274803868621e-05,0.12297255308540674,0.10157207728390075,0.6538710181619447,3.227435697369528,7.338657683746475e-05
19,0.02,0.0,2053,75677,1.0182616710662842,0.011107995174825191,35.3970832824707,0.2148905098438263,0.020923152565956116,0.9859978556632996,6877.08447265625,1.9477189779281616,0.00428604,0.000803308,11599,55677,3.3143651485443115,0.1400482207536697,0.0687314420938491,0.9884137511253356,0.4614137411117553,0.006708859000355,0.0043153357692062,0.0001755241391947,0.0,0.000802800269,0.0001080576330422862,0.13460089291809418,0.09363384892748061,0.6517189654184872,3.2849467534678043,6.709438322974909e-05
20,0.02,0.0,2053,75677,1.0177088975906372,0.012136881239712238,38.50833511352539,0.22580039501190186,0.020244861021637917,0.9845482110977173,7511.5458984375,2.236330270767212,0.00423998,0.000859058,11599,55677,3.3537797927856445,0.1467151045799255,0.0673327296972274,0.9871526956558228,0.4396884143352508,0.0066668950021266,0.0042772567830979,0.0001900219067465,0.0,0.000858550269,0.00012255540059408622,0.14274691304544476,0.08709230827296106,0.6497557480897773,3.3259171117678448,5.853501000728915e-05
21,0.02,0.0,2053,75677,1.0171319246292114,0.013083809055387974,41.58119201660156,0.23660704493522644,0.019644655287265778,0.9830161333084106,8077.1591796875,2.5148513317108154,0.00419756,0.000910291,11599,55677,3.3916642665863037,0.1533299535512924,0.0660281702876091,0.985848069190979,0.3920971751213074,0.0066148363985121,0.0042389072477817,0.0002055232325801,0.0,0.0009097832690000001,0.00013805672642768621,0.1517468293074163,0.08156726880826697,0.6480362982990131,3.361126439841906,4.854394551333794e-05
22,0.02,0.0,2053,75677,1.0165398120880127,0.014124041423201561,44.612144470214844,0.24734562635421753,0.019109588116407394,0.9814184308052063,8704.05078125,2.859966516494751,0.00414989,0.000967796,11599,55677,3.4321794509887695,0.1598894745111465,0.0646745339035987,0.984435737133026,0.3972235321998596,0.0065595149062573,0.0042019351385533,0.0002191743260482,0.0,0.0009672882690000001,0.00015170781989578622,0.15683827123492822,0.07693374734048603,0.646421272402742,3.3844022963566376,4.563662852881631e-05
23,0.02,0.0,2053,75677,1.015932321548462,0.015178400091826916,47.575294494628906,0.25800621509552,0.018633753061294556,0.97972571849823,9309.7421875,3.198568820953369,0.00410244,0.00102508,11599,55677,3.457751512527466,0.1663997620344162,0.0638414770364761,0.9829323887825012,0.4091604053974151,0.0065103028900921,0.0041615064255893,0.0002356185286771,0.0,0.001024572269,0.00016815202252468622,0.16411924040146572,0.07267956087834274,0.6449447815542392,3.426120160896926,4.3949703134291556e-05
24,0.02,0.0,2053,75677,1.0153180360794067,0.016281958669424057,50.451927185058594,0.2686009705066681,0.018210269510746002,0.9779220223426819,9903.5283203125,3.5721561908721924,0.00405473,0.00108268,11599,55677,3.482168197631836,0.1728641241788864,0.0630609840154647,0.9813472032546996,0.3980008959770202,0.0064643551595509,0.0041232509538531,0.0002507464960217,0.0,0.001082172269,0.0001832799898692862,0.1693630442393883,0.06901952793317843,0.6435722248240909,3.462935239824539,4.018778793823468e-05
25,0.02,0.0,2053,75677,1.014697790145874,0.017474137246608734,53.23075866699219,0.2791213393211365,0.017832813784480095,0.9759969711303711,10505.109375,3.975909948348999,0.00400511,0.0011423,11599,55677,3.5097880363464355,0.1792794167995453,0.0621952414512634,0.9796831607818604,0.3780237436294555,0.0064152805134654,0.0040833032689988,0.0002672408299986,0.0,0.001141792269,0.0001997743238461862,0.17496556008489333,0.06593533746726057,0.6422992137956159,3.4876852415400617,3.5984750861240364e-05
26,0.02,0.0,2053,75677,1.0140775442123413,0.01865578629076481,55.898250579833984,0.2895267605781555,0.017496248707175255,0.9739817380905151,11090.64453125,4.41976261138916,0.00395546,0.00120186,11599,55677,3.5361361503601074,0.1856425404548645,0.0613858662545681,0.9779475927352904,0.399776428937912,0.0063631422817707,0.0040386570617556,0.0002872498298529,0.0,0.001201352269,0.0002197833237004862,0.18294660889385328,0.0632602293216635,0.6411930285275019,3.5085158699986705,3.604627556238647e-05
27,0.02,0.0,2053,75677,1.0134621858596802,0.019812630489468575,58.44478225708008,0.2998100221157074,0.017195606604218483,0.9718984365463257,11660.330078125,4.860989093780518,0.00390594,0.0012614,11599,55677,3.5654592514038086,0.1919597685337066,0.0605035424232482,0.976131558418274,0.3946956396102905,0.0063172210939228,0.0039966334588825,0.0003061895549762,0.0,0.001260892269,0.0002387230488237862,0.18932866406827512,0.06100560415676601,0.640271353102474,3.5185465576076433,3.384943967844847e-05
28,0.02,0.0,2053,75677,1.012853741645813,0.02107863873243332,60.87712860107422,0.3100000023841858,0.016924476251006126,0.9697366952896118,12302.693359375,5.418614864349365,0.00384876,0.00133045,11599,55677,3.594421148300171,0.1982254087924957,0.0596506148576736,0.9742573499679564,0.4145223796367645,0.0062656281515955,0.0039531500078737,0.0003251908638048,0.0,0.001329942269,0.0002577243576523862,0.1937861241497139,0.059043868048611364,0.6394367976385793,3.524517626010878,3.369362850297222e-05
29,0.02,0.0,2053,75677,1.0122524499893188,0.022337935864925385,63.18302536010742,0.32005026936531067,0.016680192202329636,0.9675265550613403,12899.1123046875,5.960509300231934,0.00379339,0.00139752,11599,55677,3.621511459350586,0.204441636800766,0.058869045227766,0.9723304510116576,0.3937525451183319,0.0062162382528185,0.0039099194109439,0.0003445361217018,0.0,0.001397012269,0.0002770696155493862,0.1983301232906969,0.057317791269253474,0.6387797679601792,3.529278590659409,3.052555368288742e-05
30,0.02,0.0,2053,75677,1.0116634368896484,0.023529723286628723,65.35466003417969,0.3299840986728668,0.016460103914141655,0.9651712775230408,13444.232421875,6.493554592132568,0.00374121,0.00146056,11599,55677,3.6448466777801514,0.2106050848960876,0.0582080446183681,0.9703434705734252,0.4232363700866699,0.0061634327284991,0.0038631977513432,0.0003675535845104,0.0,0.001460052269,0.0003000870783579862,0.20553173658879892,0.05577026452090702,0.6382279805090643,3.5363108836973267,3.148088762568739e-05
31,0.02,0.0,2053,75677,1.0110915899276733,0.024707943201065063,67.38965606689453,0.33980774879455566,0.016261445358395576,0.9626383781433105,13948.74609375,6.999680519104004,0.00369124,0.00152113,11599,55677,3.671478271484375,0.2167200446128845,0.0574671998620033,0.9683017730712892,0.4540714621543884,0.0061149871908128,0.0038183014839887,0.0003894102701451,0.0,0.0015206222690000001,0.0003219437639926862,0.21171843300993126,0.054481332681678506,0.6377725210260324,3.533953999503108,3.255285164003693e-05
32,0.02,0.0,2053,75677,1.010538101196289,0.026054464280605316,69.29776000976562,0.3495502471923828,0.0160804595798254,0.959969699382782,14504.2177734375,7.6095452308654785,0.00363488,0.00158916,11599,55677,3.6928088665008545,0.2227810472249984,0.0568839609622955,0.9661970734596252,0.3894725441932678,0.006060984916985,0.0037730825133621,0.0004106221022084,0.0,0.001588652269,0.0003431555960559862,0.21600422115784368,0.05328900769635922,0.6373362599923605,3.537458657814874,2.6852364620899015e-05
33,0.02,0.0,2053,75677,1.0100022554397583,0.027406468987464905,71.08006286621094,0.35918885469436646,0.015914928168058395,0.9570846557617188,15034.98046875,8.219419479370117,0.00357916,0.0016567,11599,55677,3.714851140975952,0.2287929356098175,0.0562905482947826,0.9640253186225892,0.3980754315853119,0.0060118725523352,0.0037275610957294,0.0004316142876632,0.0,0.0016561922690000001,0.0003641477815107862,0.21987047538306445,0.05226291299106134,0.6369711437858985,3.5369652756434644,2.6476617805570562e-05
34,0.02,0.0,2053,75677,1.0094858407974243,0.02883930318057537,72.74020385742188,0.3687068819999695,0.01576274447143078,0.9540978074073792,15550.806640625,8.844257354736328,0.00352305,0.00172507,11599,55677,3.731724262237549,0.2347503453493118,0.0558425523340702,0.9617985486984252,0.363314151763916,0.0059574586339294,0.0036789728328585,0.0004556407220661,0.0,0.001724562269,0.0003881742159136862,0.22508564804608178,0.051302086938773285,0.6366855537818013,3.5426922282018944,2.3363042198389402e-05
35,0.02,0.0,2053,75677,1.0172561407089233,0.030377846211194992,74.28990173339844,0.37811678647994995,0.015621214173734188,0.9510759711265564,16150.0751953125,9.660650253295898,0.00345582,0.00180657,11599,55677,3.747292995452881,0.2406534701585769,0.0554339177906513,0.9595250487327576,0.3731867969036102,0.0059031001292169,0.0036288911942392,0.0004808727826457,0.0,0.001806062269,0.0004134062764932862,0.22889923763380843,0.050441485424232484,0.6364527541845536,3.548630546520447,2.3107434014420334e-05
36,0.02,0.0,2053,75677,1.0161643028259277,0.03168237581849098,78.93922424316406,0.3873790204524994,0.015160242095589638,0.9479355812072754,16501.783203125,10.162811279296875,0.00340526,0.0018747,11599,55677,3.762666940689087,0.2465066313743591,0.0550347790122032,0.9571793675422668,0.3962282836437225,0.0058531728573143,0.0035832622088491,0.0005019888631068,0.0,0.001874192269,0.0004345223569543862,0.23184513357652006,0.04766536505474874,0.6363448156960423,3.6302044957589246,2.4011240407563188e-05
37,0.02,0.0,2053,75677,1.0175459384918213,0.032937031239271164,83.15731811523438,0.3965226411819458,0.014804821461439133,0.9445627331733704,16937.021484375,10.78442668914795,0.00335304,0.00193786,11599,55677,3.778679132461548,0.2522988021373749,0.0546236336231231,0.95479017496109,0.3647531569004059,0.0057921577244997,0.0035303400363773,0.0005291608395054,0.0,0.001937352269,0.0004616943333529862,0.23831202034893642,0.04544012743683344,0.6362784263348198,3.6895840834958165,2.1535850163318477e-05
38,0.02,0.0,2053,75677,1.0175683498382568,0.03439747169613838,88.12157440185547,0.40563198924064636,0.014414380304515362,0.9409482479095459,17353.908203125,11.412345886230469,0.00329701,0.00200856,11599,55677,3.7928354740142822,0.2580342292785644,0.0542639680206775,0.9523369669914246,0.3819230198860168,0.0057353973388671,0.0034781435970216,0.0005558897391892,0.0,0.002008052269,0.0004884232330367862,0.24323233044128806,0.04304094087922266,0.636128895459185,3.764571689819998,2.2007896746696063e-05
39,0.02,0.0,2053,75677,1.0174623727798462,0.035972416400909424,93.21697235107422,0.4146535098552704,0.014065398834645748,0.9371699690818787,17814.65625,12.178338050842285,0.00323556,0.00208465,11599,55677,3.811999559402466,0.2637167274951935,0.0537827052175998,0.9498136043548584,0.4301707446575165,0.0056825312785804,0.0034291178453713,0.0005800931248813,0.0,0.002084142269,0.0005126266187288862,0.2459652713511019,0.040893835781811216,0.6359929946987317,3.8237596992360277,2.4147013482649517e-05
40,0.02,0.0,2053,75677,1.0172960758209229,0.03753324970602989,98.35549926757812,0.4235484004020691,0.0137533163651824,0.9333001971244812,18255.310546875,12.96778392791748,0.00317442,0.00215985,11599,55677,3.828248023986816,0.2693387567996979,0.0533796474337577,0.9472397565841676,0.3894275426864624,0.0056220311671495,0.003375289728865,0.0006079908343963,0.0,0.002159342269,0.0005405243282438862,0.2503189679578704,0.03892256205798915,0.6359102207540344,3.8812200647759743,2.133228803128336e-05
41,0.02,0.0,2053,75677,1.0170786380767822,0.03898616507649422,103.49264526367188,0.4322841763496399,0.013473911210894585,0.9293240904808044,18652.62109375,13.703106880187988,0.00311715,0.00223061,11599,55677,3.83803915977478,0.2749065160751343,0.0531389527022838,0.9445988535881042,0.3660056591033935,0.0055677723139524,0.0033232378773391,0.0006346080917865,0.0,0.002230102269,0.0005671415856340862,0.2543119181204179,0.037085139238604556,0.6359393452625121,3.9438402013008145,1.9622210587123988e-05
42,0.02,0.0,2053,75677,1.0168263912200928,0.04044894874095917,108.5988998413086,0.44088929891586304,0.013222738169133663,0.9252448678016663,19043.724609375,14.43270206451416,0.00305845,0.00230376,11599,55677,3.8480114936828618,0.2804179787635803,0.0528954900801181,0.9418900012969972,0.417654812335968,0.0055114403367042,0.003271464491263,0.0006606484530493,0.0,0.002303252269,0.0005931819468968862,0.2575410235694361,0.03543324563421741,0.6360280901648597,4.000343151586715,2.1931361690158107e-05
43,0.02,0.0,2053,75677,1.0165481567382812,0.04200461879372597,113.65624237060547,0.4493858814239502,0.012995856814086437,0.9210200905799866,19451.083984375,15.315531730651855,0.00299504,0.00238261,11599,55677,3.856755495071411,0.285869300365448,0.0526833869516849,0.9390986561775208,0.4067526459693908,0.0054513262584805,0.0032176291570067,0.0006886917399242,0.0,0.002382102269,0.0006212252337717862,0.26078864952871017,0.03393351227023207,0.6361332480220027,4.053860219095401,2.0911567000385893e-05
44,0.02,0.0,2053,75677,1.016251564025879,0.04358944296836853,118.64065551757812,0.45774269104003906,0.012787572108209133,0.9166311621665955,19839.271484375,16.224380493164062,0.0029319,0.00246092,11599,55677,3.862890720367432,0.2912607192993164,0.0525353141129016,0.936248242855072,0.3849883079528808,0.0053914049640297,0.003161922795698,0.0007185961003415,0.0,0.002460412269,0.0006511295941890862,0.2646424757318125,0.03255958679185733,0.6362979136543758,4.108310292864424,1.9405365174627992e-05
45,0.02,0.0,2053,75677,1.015945553779602,0.04520877078175545,123.54039764404297,0.46598321199417114,0.012597731314599514,0.9120826721191406,20216.470703125,17.163028717041016,0.00286774,0.00254094,11599,55677,3.869675636291504,0.2965923845767975,0.0523722916841506,0.9333282709121704,0.3818980157375335,0.0053316918201744,0.0031076385639607,0.0007473553414456,0.0,0.0025404322690000002,0.0006798888352931862,0.26762722375622056,0.0313231599548611,0.6364872745254768,4.157279622518725,1.8890439451357892e-05
46,0.02,0.0,2053,75677,1.015633463859558,0.04674778878688812,128.33935546875,0.47407975792884827,0.01242357213050127,0.9074305891990662,20552.62890625,18.039447784423828,0.00280796,0.00261519,11599,55677,3.8764920234680176,0.3018668293952942,0.0522092841565609,0.9303134679794312,0.3671730160713196,0.0052744192071259,0.0030542598105967,0.0007756631821393,0.0,0.002614682269,0.0007081966759868862,0.27085381821850957,0.030205013959353443,0.6367427091046556,4.202437399496496,1.7865014628842116e-05
47,0.02,0.0,2053,75677,1.0153175592422485,0.04839244484901428,133.03659057617188,0.48206567764282227,0.011759667657315731,0.9027117490768433,20906.455078125,19.042007446289062,0.00274227,0.00269697,11599,55677,3.8836164474487305,0.3070769906044006,0.0520397126674652,0.9272336959838868,0.3398296236991882,0.0052101789042353,0.0029942798428237,0.0008088183240033,0.0,0.002696462269,0.0007413518178508862,0.2749349866207552,0.029192092420807447,0.6370023937525037,4.425270695051583,1.6254770233848074e-05
48,0.02,0.0,2053,75677,1.0150012969970703,0.04999146610498428,137.62384033203125,0.48991087079048157,0.010790838859975338,0.8979541659355164,21239.083984375,20.0106258392334,0.00267784,0.00277765,11599,55677,3.889360189437866,0.3122232258319855,0.0519036054611206,0.9240975975990297,0.3567081093788147,0.0051462189294397,0.0029330060351639,0.0008432132308371,0.0,0.002777142269,0.0007757467246846862,0.2793327275105783,0.028260802634590028,0.6373061804654522,4.809969468975948,1.6794891420045935e-05
49,0.02,0.0,2053,75677,1.014711856842041,0.05168123543262482,142.1002197265625,0.49763551354408264,0.010105034336447716,0.8931320309638977,21577.376953125,21.008222579956055,0.00260919,0.0028642,11599,55677,3.893534421920776,0.3173032402992248,0.0518050268292427,0.9208930730819702,0.3576501607894897,0.0050800279714167,0.0028735399246215,0.0008764199446886,0.0,0.002863692269,0.0008089534385361863,0.28248616211080263,0.027399918377416593,0.6376217767085001,5.126655200209249,1.6575238110102724e-05
50,0.02,0.0,2053,75677,1.0163114070892334,0.05325838550925255,146.45684814453125,0.5052369832992554,0.009579338133335114,0.8881323933601379,21864.853515625,21.936344146728516,0.00254542,0.00294514,11599,55677,3.897531986236572,0.3223006129264831,0.0517108850181102,0.9176319241523744,0.3611232042312622,0.0049973423592746,0.0028096716850996,0.0009132456034421,0.0,0.002944632269,0.0008457790972896862,0.287227409070306,0.026612152559710178,0.6379196764690961,5.398168881643464,1.6516150175586467e-05
51,0.02,0.0,2053,75677,1.0173323154449463,0.05507064238190651,150.6981658935547,0.5127801299095154,0.007786384783685207,0.8828876614570618,22163.208984375,22.9497127532959,0.00247641,0.0030327,11599,55677,3.9011576175689697,0.3272305428981781,0.051625732332468,0.914303719997406,0.3844047486782074,0.0049299411475658,0.0027527068741619,0.00094543362502,0.0,0.003032192269,0.0008779671188675862,0.28954863048877005,0.025887226924344545,0.638149810828124,6.630257014865136,1.7344273067551347e-05
52,0.02,0.0,2053,75677,1.0179768800735474,0.056926462799310684,154.8197784423828,0.520205557346344,0.0064217871986329556,0.8775225281715393,22447.279296875,23.993785858154297,0.00240813,0.00311941,11599,55677,3.9051027297973633,0.3320910632610321,0.0515332967042923,0.9109161496162416,0.3674665093421936,0.0048605017364025,0.0026859957724809,0.0009849279886111,0.0,0.003118902269,0.0009174614824586861,0.29416166437072994,0.025223539066429247,0.6383843051486886,8.024759324828219,1.6370202574765953e-05
53,0.02,0.0,2053,75677,1.0183337926864624,0.0587460920214653,158.8212127685547,0.5274795293807983,0.005541402380913496,0.8720876574516296,22720.095703125,25.035764694213867,0.00233945,0.00320689,11599,55677,3.9081311225891113,0.3368804454803467,0.0514625124633312,0.9074806571006776,0.3501697182655334,0.0047894273884594,0.002623182022944,0.0010217579547315,0.0,0.003206382269,0.0009542914485790861,0.29762248182488504,0.024607110438605653,0.6386607000195941,9.286911313386277,1.5412334650393653e-05
54,0.02,0.0,2053,75677,1.0184862613677979,0.06049914285540581,162.69947814941406,0.5346094965934753,0.004972491879016161,0.8666308522224426,22964.650390625,26.029518127441406,0.00227514,0.00328898,11599,55677,3.911522150039673,0.3415900468826294,0.0513834357261657,0.9039877653121948,0.4357732832431793,0.004709601867944,0.0025586441624909,0.0010605918942019,0.0,0.003288472269,0.0009931253880494863,0.3020020565207589,0.02404139333776812,0.6389524485802004,10.333538390078223,1.8975829190984667e-05
55,0.02,0.0,2053,75677,1.0184760093688965,0.06240536645054817,166.4561004638672,0.541624903678894,0.00459479633718729,0.8611816763877869,23204.052734375,27.080869674682617,0.00220922,0.00337311,11599,55677,3.9158318042755127,0.346226692199707,0.0512831844389438,0.9004434943199158,0.4098802506923675,0.0046366434544324,0.0024955621920526,0.0010983675019815,0.0,0.003372602269,0.0010309009958290863,0.3056693062519808,0.023524711881169693,0.6392370251958905,11.161144189110427,1.766416648782916e-05
56,0.02,0.0,2053,75677,1.0183929204940796,0.06423687189817429,170.09329223632812,0.5484656095504761,0.004335506819188595,0.8557695150375366,23435.556640625,28.145374298095703,0.00214272,0.00345787,11599,55677,3.921194553375244,0.3507842123508453,0.0511588491499424,0.8968830108642578,0.3626176416873932,0.0045575206167995,0.0024334269110113,0.0011351715074852,0.0,0.003457362269,0.0010677050013327863,0.3088206899537915,0.023053199228615817,0.6395737604010377,11.799969711388195,1.5472969012342718e-05
57,0.02,0.0,2053,75677,1.018285870552063,0.06608549505472183,173.59066772460938,0.555131733417511,0.004150825552642345,0.8503574132919312,23672.42578125,29.346452713012695,0.00207182,0.00354863,11599,55677,3.9284555912017822,0.3552680611610412,0.0509912297129631,0.8932877779006958,0.4011838138103485,0.0044838218018412,0.0023679854348301,0.0011760009219869,0.0,0.003548122269,0.0011085344158344862,0.312428471115488,0.022630569043227765,0.6399707308640675,12.284599549239775,1.6947304746778867e-05
58,0.02,0.0,2053,75677,1.0203678607940674,0.06792747974395752,176.95269775390625,0.5616194605827332,0.004013588652014732,0.8449297547340393,23904.650390625,30.540157318115234,0.00200131,0.00363938,11599,55677,3.9354302883148193,0.3596786856651306,0.0508309714496135,0.8896447420120239,0.3591350018978119,0.0044106128625571,0.0023034643381834,0.0012153962161391,0.0,0.003638872269,0.0011479297099866862,0.3154630405046202,0.022240012942825814,0.640431307868018,12.664718748419194,1.5023645860918283e-05
59,0.02,0.0,2053,75677,1.0201729536056519,0.06963883340358734,180.22567749023438,0.5679436922073364,0.003889289451763034,0.8394978642463684,24051.888671875,31.588563919067383,0.0019379,0.00372284,11599,55677,3.94077467918396,0.3640174269676208,0.0507087036967277,0.8859782218933105,0.3591987192630768,0.0043387576006352,0.0022370554506778,0.0012561273761093,0.0,0.003722332269,0.0011886608699568863,0.3193322852600202,0.02186577814028466,0.6409392902188105,13.0380380081357,1.4934324874166937e-05
60,0.02,0.0,2053,75677,1.0201035737991333,0.07154522836208344,183.49853515625,0.5741515159606934,0.003799642436206341,0.8340609669685364,24247.931640625,32.88951873779297,0.00186486,0.00381764,11599,55677,3.945353984832764,0.3682832419872284,0.0506042875349521,0.8822711110115051,0.3647052049636841,0.0042658359743654,0.0021684521343559,0.0012991115218028,0.0,0.003817132269,0.0012316450156503861,0.3226623886347665,0.02150073831092588,0.6414391179843915,13.318170955443035,1.5040672762070013e-05
61,0.02,0.0,2053,75677,1.0201276540756226,0.07329204678535461,186.76019287109375,0.5801756381988525,0.0037332805804908276,0.8287326693534851,24413.763671875,34.039119720458984,0.00180073,0.00390075,11599,55677,3.951082944869995,0.3724789023399353,0.0504740998148918,0.8785575032234192,0.388854831457138,0.0041956310160458,0.0021017175167798,0.001341201015748,0.0,0.003900242269,0.0012737345095955863,0.32657830507594715,0.02115591595901341,0.6420105875115526,13.520039205908224,1.5927688851395913e-05
62,0.02,0.0,2053,75677,1.0200181007385254,0.0750158354640007,190.00718688964844,0.5860307216644287,0.0036825232673436403,0.8235341906547546,24564.083984375,35.10995864868164,0.00173991,0.00398021,11599,55677,3.9586901664733887,0.3765985369682312,0.0503020212054252,0.8748574256896973,0.3901443481445312,0.004119636490941,0.0020319977775216,0.0013857498997822,0.0,0.003979702268999999,0.0013182833936297863,0.33125176320313987,0.020834423325116116,0.6426259290615791,13.659661474918575,1.588271512150417e-05
63,0.02,0.0,2053,75677,1.0221139192581177,0.0769813135266304,193.24179077148438,0.5917658805847168,0.0036425734870135784,0.8184473514556885,24755.54296875,36.55253219604492,0.00166747,0.00407418,11599,55677,3.9669950008392334,0.3806487917900085,0.0501151457428932,0.871147096157074,0.3975897431373596,0.0040502431802451,0.0019643583800643,0.0014279977185651,0.0,0.004073672269,0.0013605312124126863,0.3339815092063525,0.020528659898056693,0.6432422082427158,13.758170129322743,1.606063513287729e-05
64,0.02,0.0,2053,75677,1.022803544998169,0.0787154957652092,196.4599609375,0.5972943902015686,0.003610513173043728,0.8135597705841064,24855.296875,37.482704162597656,0.00160703,0.00415403,11599,55677,3.97775936126709,0.3846310973167419,0.0498744957149028,0.8674692511558533,0.394876480102539,0.0039823492988944,0.0018990810494869,0.0014682677574455,0.0,0.004153522269,0.0014008012512930863,0.33725622750310724,0.02024717577202684,0.6439556500554787,13.813686122867043,1.5887015234153747e-05
65,0.02,0.0,2053,75677,1.0229746103286743,0.08074082434177399,199.6625518798828,0.6026831865310669,0.00358421728014946,0.8087961673736572,25021.35546875,38.936405181884766,0.00153077,0.00425199,11599,55677,3.9834280014038086,0.3885436952114105,0.049748457968235,0.863818883895874,0.363364428281784,0.0039125964976847,0.0018315373454242,0.0015105186030268,0.0,0.004251482268999999,0.0014430520968743861,0.33942328947165284,0.01995080180984686,0.6446897870965943,13.879866670962683,1.4522172019641457e-05
66,0.02,0.0,2053,75677,1.023006796836853,0.08260179311037064,202.85348510742188,0.6078358292579651,0.0035622965078800917,0.8042256832122803,25167.22265625,40.25691604614258,0.00146101,0.00434147,11599,55677,3.987413167953491,0.3923925757408142,0.0496601276099681,0.8601940274238586,0.4116435050964355,0.0038488828577101,0.0017670349916443,0.0015499789733439,0.0,0.004340962269,0.0014825124671914863,0.3415170128933195,0.019656616527154763,0.6455568376412426,13.940481231732347,1.635633421768168e-05
67,0.02,0.0,2053,75677,1.0230308771133423,0.08450371026992798,206.03001403808594,0.6128201484680176,0.0035437489859759808,0.7998186349868774,25307.318359375,41.55076217651367,0.00139082,0.00443116,11599,55677,3.990839719772339,0.3961696326732635,0.0495843738317489,0.8566007614135742,0.3762848079204559,0.0037770469207316,0.0016982646193355,0.001593203167431,0.0,0.0044306522689999996,0.0015257366612785861,0.34435937840433267,0.019370186127515416,0.6464696594321249,13.99206716614916,1.4868616365315633e-05
68,0.02,0.0,2053,75677,1.0230395793914795,0.08639088273048401,209.19277954101562,0.617619514465332,0.0035278431605547667,0.7956140637397766,25434.068359375,42.81944274902344,0.00132306,0.0045173,11599,55677,3.991446018218994,0.3998803496360779,0.0495709963142871,0.8530434370040894,0.376636654138565,0.0037107081152498,0.0016320259310305,0.001634061220102,0.0,0.004516792269,0.0015665947139495862,0.3468378930555565,0.019080228423641203,0.647454201608657,14.051360578765603,1.4808352671574727e-05
69,0.02,0.0,2053,75677,1.023026943206787,0.08839400112628937,212.33380126953125,0.6222633719444275,0.0035140174441039562,0.7916081547737122,25565.8359375,44.43733215332031,0.0012491,0.00461042,11599,55677,4.020225524902344,0.4035245180130005,0.048941783607006,0.8495299220085144,0.3681018650531769,0.0036442128475755,0.0015690298750996,0.0016723169246688,0.0,0.004609912268999999,0.0016048504185163862,0.3481303601607405,0.018933516476725105,0.6484786606547012,13.927586981425963,1.4398193978599566e-05
70,0.02,0.0,2053,75677,1.0230001211166382,0.09073463082313538,215.47557067871094,0.6267713308334351,0.0035018448252230883,0.7877943515777588,25702.82421875,46.09382247924805,0.00116237,0.00471897,11599,55677,4.046017169952393,0.4071024656295776,0.04838802292943,0.8460667729377747,0.4040643274784088,0.0035779376048594,0.0015001026913523,0.0017164638265967,0.0,0.004718462269,0.0016489973204442863,0.349477695578514,0.018777150269091457,0.6495231125014003,13.817866109000818,1.572061980580512e-05
71,0.02,0.0,2053,75677,1.022961974143982,0.09298732876777649,218.6085205078125,0.6310837268829346,0.003491003066301346,0.784268856048584,25820.73828125,47.83606719970703,0.00107947,0.00482002,11599,55677,4.075247287750244,0.4106087386608124,0.0477717146277427,0.8426573872566223,0.3902745544910431,0.0035062555689364,0.001430919743143,0.0017615447286516,0.0,0.004819512269,0.0016940782224991863,0.3515040792396801,0.018641758693959988,0.6506406696444257,13.68423737260018,1.5114771322183497e-05
72,0.02,0.0,2053,75677,1.0229098796844482,0.09532225131988525,221.73123168945312,0.6352150440216064,0.0034812313970178366,0.781058132648468,25936.8359375,49.8127555847168,0.000989475,0.00492673,11599,55677,4.106173038482666,0.4140441119670868,0.0471323952078819,0.8393068909645081,0.4215402901172638,0.0034353665541857,0.0013651346089318,0.0018037081463262,0.0,0.004926222268999999,0.0017362416401737863,0.3524489041226789,0.018518694940700048,0.6518172323906789,13.539000954736135,1.6252571868559817e-05
73,0.02,0.0,2053,75677,1.0228468179702759,0.09835542738437653,224.8472442626953,0.6393040418624878,0.0034723146818578243,0.7781698703765869,26075.3515625,52.7625846862793,0.000860482,0.00507033,11599,55677,4.136007308959961,0.4174150228500366,0.0465277172625064,0.8360207080841064,0.4236953854560852,0.0033709334675222,0.0013011044356971,0.0018441979773342,0.0,0.005069822268999999,0.0017767314711817862,0.35045241764110974,0.018394743162285537,0.6529209820635253,13.399625761341495,1.6248884868935704e-05
74,0.02,0.0,2053,75677,1.0227771997451782,0.10644345730543137,227.95523071289062,0.6419030427932739,0.003464078065007925,0.7765523791313171,26279.966796875,79.16951751708984,6.964e-05,0.00544565,11599,55677,4.157904148101807,0.4207073748111725,0.0460912957787513,0.8328191637992859,0.4054435789585113,0.003292346606031,0.0012298757210373,0.001890035229735,0.0,0.005445142268999999,0.0018225687235825863,0.33471461966361093,0.01824000324580699,0.6554064192941707,13.30550146786194,1.5427857352039094e-05
