cycle,fem_E_el,fem_E_d,fem_total_energy,fem_d_max,fem_d_mean,d_p99,d_p999,fem_alpha_bar_monitor_max,fem_alpha_bar_elem_max,alpha_bar_elem_p999,alpha_bar_elem_p99,fem_alpha_bar_elem_mean,fem_f_min,f_fatigue_p001,f_fatigue_mean,fem_psi_max,psi_plus_elem_p999,psi_plus_elem_p99,psi_plus_elem_mean,psi_tip_top10_mean,psi_nominal_mean,fem_Kt_proxy,x_max_d,y_max_d,x_max_alpha_bar_elem,y_max_alpha_bar_elem,x_min_f_fatigue_elem,y_min_f_fatigue_elem,x_max_psi_plus_elem,y_max_psi_plus_elem,fem_x_tip_d095,y_tip_d095,x_tip_d090,y_tip_d090,x_tip_d050,y_tip_d050,width_y_d050_near_tip,width_y_d090_near_tip,n_elem_d050_near_tip,n_elem_d090_near_tip,fem_right_boundary_d095_count,right_boundary_d095_yspan,pidl_E_el,pidl_E_d,pidl_E_hist,pidl_alpha_max,pidl_hist_max,pidl_hist_mean,pidl_f_min,pidl_psi_max,pidl_Kt,pidl_x_tip,pidl_alpha_bar_saved_max,pidl_alpha_bar_saved_mean,pidl_saved_f_min,ratio_E_el_pidl_over_fem,ratio_E_d_pidl_over_fem,fem_E_d_increment_from_first,pidl_E_d_increment_from_first,ratio_E_d_increment_pidl_over_fem,ratio_hist_max_pidl_over_fem_elem,ratio_hist_mean_pidl_over_fem_elem,ratio_f_min_pidl_over_fem,delta_x_tip_pidl_minus_fem_d095,ratio_Kt_pidl_over_fem_proxy
1,0.00468274,0.0127191,0.0174019,1,0.140130305818613,1,1,1.03124,1.01374187938523,1.00008197622768,1.0000071102387,0.116394506877429,0.43647915100635,0.444395872886613,0.938270962764577,18.4954010346346,7.24508895499084,7.05752917044725,0.562692486731232,11.6195146047415,0.656970943104631,4.20553171257091,-0.499,-0.019,-0.001,0.019,-0.001,0.019,-0.499,0.017,-0.001,-0.019,0.001,-0.017,0.007,-0.013,0.046,0.038,193,113,0,0,0.0048081190325319,0.0054709231480956,0.0,1.0005749464035034,0.7367163896560669,0.0124503662809729,0.6538223028182983,0.3754083216190338,7.584731662460618,0.0,0.7367163896560669,0.012450366280972958,0.6538223576407828,1.0267747157715141,0.4301344551183338,0.0,0.0,,0.7267297569898549,0.1069669575909106,1.497946239381286,0.001,1.8035131300493623
2,0.00468222,0.0127184,0.0174006,1,0.140143494749316,1,1,1.06143,1.02704107172651,1.00016383703849,1.00001422061976,0.121683681930251,0.429093742787366,0.44434738357608,0.93827033436771,18.4953384733035,7.24505439116442,7.05786370529534,0.562962634940348,11.6194157283941,0.657287016590015,4.20450253231997,-0.499,-0.019,-0.001,0.019,-0.001,0.019,-0.499,0.017,-0.001,-0.019,0.001,-0.017,0.007,-0.013,0.046,0.038,194,113,0,0,0.0048053031787276,0.0054618204012513,0.0,1.000653624534607,1.119983196258545,0.0186425149440765,0.3810473978519439,0.3832668364048004,7.5859145175825615,0.0,1.119983196258545,0.018642514944076538,0.3810473806137034,1.0262873548717488,0.4294424142385284,-7.00000000001047e-07,-9.10274684430036e-06,13.00392406326678,1.0904950416206767,0.15320472431761537,0.8880283254113284,0.001,1.8042359254798184
3,0.00468208,0.0127175,0.0173995,1,0.140146042632412,1,1,1.09139,1.0402344578954,1.00024565792387,1.00002133116264,0.126974684908858,0.422060400768669,0.444298931751353,0.938269714093308,18.4952405351193,7.2450281064985,7.05795362840742,0.563039914464052,11.6193590164992,0.65737743773747,4.20420310134527,-0.499,-0.019,-0.001,0.019,-0.001,0.019,-0.499,0.017,-0.001,-0.019,0.001,-0.017,0.007,-0.013,0.046,0.038,194,113,0,0,0.0048022605478763,0.0054495688527822,0.0,1.000606656074524,1.474104404449463,0.0248168315738439,0.2566018402576446,0.3829941153526306,7.528084100301042,0.0,1.474104404449463,0.024816831573843956,0.2566018393131333,1.0256681961598906,0.42850944389873796,-1.6000000000009063e-06,-2.135429531339994e-05,13.346434570867403,1.4170886123421327,0.19544708137419156,0.6079742136204052,0.001,1.7906090450036036
4,0.00468206,0.0127166,0.0173987,1,0.140145595305204,1,1,1.12128,1.05340065405806,1.00032746523586,1.00002844173707,0.132266270882507,0.415314146357806,0.444250501788382,0.938269100362916,18.4951823655872,7.24501600539203,7.05798153793695,0.563062405745103,11.6193345129875,0.657403754283173,4.20411451828948,-0.499,-0.019,-0.001,0.019,-0.001,0.019,-0.499,0.017,-0.001,-0.019,0.001,-0.017,0.007,-0.013,0.046,0.038,194,113,0,0,0.0047990921884775,0.0054357079789042,0.0,1.0005851984024048,1.8097518682479856,0.0309774987399578,0.1874430328607559,0.3630914390087127,7.525539700365714,0.0,1.8097518682479858,0.03097749873995781,0.18744305153679597,1.0249958754218227,0.4274497883792995,-2.5000000000007655e-06,-3.521516919140037e-05,14.086067676555835,1.7180090607274656,0.2342055804043596,0.45132831256671885,0.001,1.790041557532932
5,0.00468207,0.0127158,0.0173979,1,0.140144488144089,1,1,1.15116,1.06655907042665,1.00040926827581,1.00003555231715,0.137558037316132,0.408826975576057,0.444202088170673,0.938268492517065,18.4951563144854,7.24501137932785,7.05798894356452,0.563068791730934,11.6193253474027,0.657411226382589,4.20408896821618,-0.499,-0.019,-0.001,0.019,-0.001,0.019,-0.499,0.017,-0.001,-0.019,0.001,-0.017,0.007,-0.013,0.046,0.038,194,113,0,0,0.0047859316691756,0.0054311035200953,0.0,1.0006614923477173,2.1495938301086426,0.0371163599193096,0.1424430906772613,0.3830268383026123,7.5033951765157685,0.003252354683354497,2.1495938301086426,0.037116359919309616,0.14244309203349806,1.0221828527073709,0.42711457557489896,-3.3000000000012186e-06,-3.9819628000300165e-05,12.066553939480443,2.015447516890698,0.26982327345954954,0.34841901143277565,0.004252354683354497,1.78478505884225
6,0.00468188,0.0127154,0.0173972,1,0.14014847808633,1,1,1.18103,1.07971546084826,1.0004910700712,1.00004266289872,0.14284874754836,0.402580223502526,0.44415368909947,0.938245334751581,18.4951465436536,7.24500965700778,7.05799098275501,0.563070671035253,11.6193219941567,0.657413425320374,4.20408133059105,-0.499,-0.019,-0.001,0.019,-0.001,0.019,-0.499,0.017,-0.001,-0.019,0.001,-0.017,0.007,-0.013,0.046,0.038,194,113,0,0,0.0047606900334358,0.005435568280518,0.0,1.0006808042526243,2.3830525875091553,0.0432256385684013,0.1203080937266349,0.4446184635162353,7.957298545572609,0.005213466938585043,2.3830525875091553,0.04322563484311104,0.12030810102443644,1.0168329887642997,0.4274791418687576,-3.700000000000578e-06,-3.535486757759963e-05,9.555369615565976,2.20711166406467,0.3025972527604255,0.2988425329985938,0.006213466938585043,1.8927556152806149
7,0.00467919,0.0127179,0.0173971,1,0.140220173574853,1,1,1.21069,1.0927775999163,1.00057285820909,1.00004977351503,0.148125472926445,0.396600919483709,0.444105311909724,0.937982606540847,18.495163964962,7.24500203705545,7.05803317345435,0.563102535905824,11.6193057490194,0.65745070731869,4.2039591898593,-0.499,-0.019,-0.001,0.019,-0.001,0.019,-0.499,0.017,-0.001,-0.019,0.001,-0.017,0.007,-0.015,0.046,0.038,196,113,0,0,0.004731660708785,0.0054431613534688,0.0,1.0007100105285645,2.4338858127593994,0.0493046641349792,0.1161752417683601,0.4766480028629303,8.187129664151044,0.010456142947077751,2.4338858127593994,0.049304667860269547,0.1161752420311966,1.0112136307320285,0.42799214913380357,-1.1999999999998123e-06,-2.7761794626799535e-05,23.134828855669898,2.2272471662539752,0.3328574293191457,0.2929273132286124,0.011456142947077752,1.9474807662024556
8,0.00467478,0.0127231,0.0173979,1,0.140338956309636,1,1,1.23767,1.10470919228777,1.00065443687291,1.00005688458565,0.153391000660293,0.391320264689833,0.444057072364102,0.937607074980741,18.4947106650639,7.24487882926918,7.05857605859072,0.563523222132381,11.6190327965786,0.657942903709163,4.20233707888071,-0.499,-0.019,-0.001,0.019,-0.001,0.019,-0.499,0.017,-0.001,-0.019,0.001,-0.017,0.009,-0.005,0.046,0.038,197,113,0,0,0.0047050467692315,0.0054481304250657,0.0,1.0007270574569702,2.462283134460449,0.0553580708801746,0.1139585450291633,0.5354892015457153,8.280522773946444,0.012417255900800228,2.462283134460449,0.05535807088017464,0.11395853777771062,1.0064744799180925,0.42820778152067507,3.999999999998796e-06,-2.279272302989962e-05,-5.69818075747662,2.2288971175855297,0.360895167525331,0.29121554724360815,0.013417255900800229,1.9704565860651895
9,0.00466687,0.0127338,0.0174007,1,0.140543776462187,1,1,1.25771,1.11365828444482,1.00073528263897,1.00006399732556,0.158661596016105,0.387464707457559,0.444009279734778,0.937177416161232,18.4932835608488,7.24447112730776,7.06021309495467,0.565059646770086,11.6181107179463,0.659740497406907,4.19644160051245,-0.499,-0.019,-0.001,0.019,-0.001,0.019,-0.499,0.017,-0.001,-0.019,0.001,-0.017,0.009,-0.013,0.046,0.038,198,113,0,0,0.0046740593388676,0.0054564238525927,0.0,1.00068199634552,2.4717202186584473,0.0613833367824554,0.1132359132170677,0.4315508902072906,8.35145742362384,0.016339480876922607,2.4717202186584473,0.061383336782455444,0.1132359066798197,1.0015405054924607,0.4284992580842089,1.4699999999999436e-05,-1.449929550290021e-05,-0.9863466328503923,2.219460181980909,0.38688213357077705,0.2922483287835216,0.01733948087692261,1.9901283560347889
10,0.00466176,0.0127417,0.0174035,1,0.140678995525413,1,1,1.27698,1.12227018802769,1.00081596584082,1.00007111037037,0.163914815682887,0.383838411759025,0.443961596633953,0.936737870050871,18.493097694044,7.2443302380789,7.06046606928615,0.565381955188088,11.6178344510474,0.660117621027191,4.19519284112015,-0.499,-0.019,-0.001,0.019,-0.001,0.019,-0.499,0.017,-0.001,-0.019,0.001,-0.017,0.011,-0.009,0.046,0.038,199,113,0,0,0.0046467930078506,0.0054625812917947,0.0,1.0007128715515137,2.654787063598633,0.0673812702298164,0.100475437939167,0.5183942914009094,8.386580939898685,0.019621044397354126,2.654787063598633,0.06738127022981644,0.1004754355270687,0.9967894116922793,0.428716834629186,2.2599999999999357e-05,-8.34185630090023e-06,-0.3691086858805517,2.3655507309378256,0.41107492296592396,0.26176493769530756,0.020621044397354127,1.9990930709300603
11,0.00465166,0.0127578,0.0174095,1,0.140930820794899,1,1,1.291,1.12859102773237,1.00088435051352,1.00007822390613,0.169169749391014,0.381225106580915,0.44392119239948,0.936275081784282,18.4914788900149,7.24390232616709,7.061717990085,0.567215186645375,11.6168333923084,0.662262447594816,4.18821353018225,-0.499,-0.019,-0.001,0.019,-0.001,0.019,-0.499,0.017,0.001,-0.005,0.001,-0.019,0.013,-0.007,0.046,0.036,191,94,0,0,0.0046136137098073,0.0054721310734748,0.0,1.0007256269454956,2.936071395874023,0.0733485221862793,0.0846984907984733,0.437421441078186,8.545160728853977,0.022902607917785645,2.9360713958740234,0.0733485221862793,0.0846984848965669,0.9918209219520128,0.428924350081895,3.869999999999915e-05,1.2079253791999478e-06,0.03121254209819055,2.6015370703179754,0.43357942215037315,0.222174482573057,0.021902607917785644,2.0402877425598054
12,0.00464131,0.0127755,0.0174168,1,0.14117840663471,1,1,1.3024,1.13375624898893,1.00099694655563,1.00008535737103,0.174415366895496,0.379119579737518,0.443860268931877,0.935799808799914,18.4906881834146,7.24349049014705,7.06279777611155,0.568729756792309,11.6159378085248,0.664034475286162,4.18246028024703,-0.499,-0.019,-0.001,0.019,-0.001,0.019,-0.499,0.017,0.001,-0.011,0.001,-0.019,0.015,-0.007,0.046,0.036,192,94,0,0,0.0045839911326766,0.0054802414961159,0.0,1.0007061958312988,3.2008936405181885,0.0792890191078186,0.0730107501149177,0.4836032092571258,8.468236830799315,0.02682483196258545,3.2008936405181885,0.0792890191078186,0.07301074696984008,0.9876502825014057,0.42896493257531215,5.639999999999985e-05,9.318348020300425e-06,0.16521893653014982,2.8232643863023528,0.45459881499619237,0.1925797400531685,0.02582483196258545,2.0247022717210723
13,0.00453934,0.0129211,0.0174605,1,0.142362576911003,1,1,1.3084,1.13647388535289,1.00133751897128,1.00009265254573,0.17974007093412,0.378022731200067,0.443653682290758,0.935304146972626,319.612629301415,7.30269542277851,7.07864547742067,0.647113695102358,259.306791722513,0.755670302946526,18.5242557499556,-0.499,-0.019,-0.001,0.019,-0.001,0.019,0.003,-0.001,0.023,-0.001,0.025,-0.001,0.029,-0.005,0.016,0.004,56,13,0,0,0.0045476425439119,0.0054932627826929,0.0,1.0007169246673584,3.4629547595977783,0.0851969718933105,0.0636739507317543,0.4566568434238434,8.629329521320656,0.030106395483016968,3.4629547595977783,0.08519697189331055,0.06367394690200798,1.0018290200584006,0.42513894193937823,0.00020199999999999906,2.233963459729975e-05,0.11059225048168245,3.047104561071798,0.47400099182411964,0.1684394759267932,0.007106395483016968,0.4658394721926326
14,0.00449125,0.0129812,0.0174724,1,0.142779754584947,1,1,1.30896,1.1367318884362,1.00327634147358,1.00009985436773,0.184912229207297,0.377918966414075,0.44261553758728,0.934894659073336,418.016850238569,7.54485979410671,7.088305411734,0.686338330160708,347.010218381472,0.801525613292859,20.8071419139979,-0.499,-0.019,-0.001,0.019,-0.001,0.019,0.003,-0.001,0.029,-0.001,0.031,-0.001,0.035,-0.003,0.012,0.004,46,8,0,0,0.0045164749026298,0.0055015319958329,0.0,1.0007115602493286,3.7282090187072754,0.0910753831267356,0.0559354461729526,0.4634394943714142,8.422478486288233,0.03402861952781677,3.7282090187072754,0.09107537567615509,0.055935445778583344,1.0056164548020707,0.42380765998774383,0.0002620999999999995,3.0608847737300174e-05,0.11678308942121417,3.279761091101408,0.492533044013195,0.14800910021453045,0.005028619527816771,0.40478786183613485
15,0.00443961,0.0130454,0.017485,1,0.143199306354788,1,1,1.30908,1.15945004307658,1.01026651473544,1.0001070554704,0.190042263921132,0.363145083246743,0.43871867370963,0.934493805357074,509.089213579146,7.65465871877211,7.09658060972484,0.731657370511352,431.491026064131,0.854504845107545,22.4713218049057,-0.499,-0.019,0.033,-0.001,0.033,-0.001,0.003,-0.001,0.035,-0.001,0.037,-0.001,0.041,-0.003,0.012,0.0,41,6,0,0,0.0044780313037335,0.0055162557400763,0.0,1.0007344484329224,4.000565052032471,0.0969239696860313,0.0493703186511993,0.425849437713623,8.474876882122329,0.03793152794241905,4.000565052032471,0.09692397713661194,0.049370316694159595,1.0086542069536513,0.42285064007821144,0.00032629999999999985,4.533259198070006e-05,0.1389291816754523,3.4503988127138645,0.510012708153461,0.1359520503755632,0.002931527942419049,0.3771418947092015
16,0.00439065,0.0131061,0.0174968,1,0.143587106695074,1,1,1.30914,1.19316667788062,1.01781274895585,1.00011426225306,0.195118648808471,0.348829546176891,0.43660290256265,0.934100812254515,585.886315309465,7.69175777436447,7.10474797720134,0.776963620904817,504.996495753549,0.907468579438788,23.5900240613488,-0.499,-0.019,0.039,-0.001,0.039,-0.001,0.003,-0.001,0.041,-0.001,0.043,-0.001,0.047,-0.003,0.008,0.0,38,6,0,0,0.0044445623643696,0.005527495406568,0.0,1.0008548498153689,4.226998805999756,0.102740004658699,0.0447537042200565,0.4858247339725494,8.588474109162123,0.04119995981454849,4.226998805999756,0.10274000465869904,0.04475370705658132,1.0122789027523487,0.4217498269178474,0.0003870000000000002,5.6572258472400126e-05,0.14618154644031034,3.5426725237651,0.5265514356833665,0.1282967704729976,0.0001999598145484907,0.3640722911865933
17,0.00434103,0.0131678,0.0175088,1,0.143977076069563,1,1,1.30935,1.21705118453372,1.02112771073067,1.00012146256736,0.200146659035727,0.339192857819043,0.433957161398338,0.9337054436875,656.559726145001,8.24997244168781,7.11408637121781,0.825679535300616,574.636547821557,0.964417731137246,24.409789203059,-0.499,-0.019,0.039,-0.001,0.039,-0.001,0.003,-0.001,0.047,-0.001,0.047,-0.001,0.053,-0.003,0.008,0.0,38,5,0,0,0.0044062081724405,0.0055416650138795,0.0,1.0009065866470337,4.447881698608398,0.108515664935112,0.040847111493349,0.3968971371650696,8.53575623479709,0.04630841687321663,4.447881698608398,0.108515664935112,0.04084711474587837,1.01501444874615,0.4208497253815748,0.0004486999999999998,7.074186578390033e-05,0.15765960727412606,3.6546381574842997,0.5421807461484606,0.1204244445357415,-0.0006915831267833711,0.34968578236338893
18,0.00428751,0.0132343,0.0175218,1,0.144396423656544,1,1,1.30975,1.23478602096623,1.02505232009337,1.00012870890013,0.205129625499509,0.332292832906911,0.4310028662555,0.933303597355016,728.518234321337,8.49037859943551,7.12414216848816,0.881986228347211,646.42177864137,1.03023991324782,25.0489083846242,-0.499,-0.019,0.039,-0.001,0.039,-0.001,0.003,-0.001,0.053,-0.001,0.053,-0.001,0.059,-0.003,0.008,0.0,38,5,0,0,0.0043711112812161,0.0055538872256875,0.0,1.0009557008743286,4.663519382476807,0.114249438047409,0.0375066548585891,0.4625098705291748,8.537271751620796,0.05004344880580902,4.663519382476807,0.11424943804740906,0.037506658726071916,1.0194987956217247,0.41965855585013945,0.0005151999999999986,8.29640775919004e-05,0.16103275930104932,3.7767834291058504,0.5569621539024477,0.11287229559084795,-0.0029565511941909775,0.3408241038104973
19,0.00423716,0.013297,0.0175341,1,0.144792393614951,1,1,1.31032,1.24924526126446,1.02736481923568,1.00013593435928,0.210056728847253,0.326821659786343,0.429755615511866,0.932895691988869,792.614266751449,10.1533101837306,7.13389104688145,0.937896332377889,710.800051051651,1.09559793012097,25.4711247925265,-0.499,-0.019,0.039,-0.001,0.039,-0.001,0.003,-0.001,0.059,-0.001,0.059,-0.001,0.0649999999999999,-0.003,0.008,0.0,38,5,0,0,0.0043324353173375,0.0055696619674563,0.0,1.000969409942627,4.881890296936035,0.1199404746294021,0.0345247313380241,0.4614137411117553,8.488620418101966,0.05324305593967438,4.881890296936035,0.11994046717882156,0.034524732161133526,1.022485654857853,0.4188660575660901,0.0005778999999999992,9.873881936070007e-05,0.17085796740041564,3.9078717753107086,0.5709908713118124,0.1056378312275703,-0.0057569440603256194,0.3332644509123766
20,0.00418595,0.0133608,0.0175467,1,0.145196399918694,1,1,1.31303,1.26152380761924,1.03480496796563,1.00014316284346,0.214934510884265,0.322280956906949,0.428859273825747,0.932473515681369,855.388257572587,10.384832720386,7.14171934841773,0.998208486263888,774.120813941807,1.16610135414218,25.7653604472937,-0.499,-0.019,0.039,-0.001,0.039,-0.001,0.003,-0.001,0.0649999999999999,-0.001,0.0649999999999999,-0.001,0.0709999999999999,-0.001,0.008,0.0,34,5,0,0,0.0042941169813275,0.0055848639458417,0.0,1.001003623008728,5.043880462646484,0.1255948394536972,0.03253660723567,0.4396884143352508,8.476654293679019,0.05848933011293411,5.043880462646484,0.1255948394536972,0.032536608761098026,1.0258404857505465,0.41800370829903144,0.0006417000000000003,0.00011394079774609996,0.17756085046922224,3.998244370960659,0.5843400342596718,0.10095727513017212,-0.0065106698870657925,0.3289942056513856
21,0.00413412,0.0134255,0.0175597,1,0.145605850274293,1,1,1.32793,1.27443250998021,1.03835432924091,1.00015039286118,0.219762133863257,0.318385389571656,0.426559117706761,0.932035325165656,916.548427224999,14.5548177226453,7.15011760054387,1.06258983191397,836.021503887414,1.24136106857254,25.9513325963342,-0.499,-0.019,0.049,-0.001,0.039,-0.001,0.003,-0.001,0.0689999999999999,-0.001,0.0709999999999999,-0.001,0.0769999999999999,-0.001,0.008,0.0,39,6,0,0,0.0042554596439003,0.005599760916084,0.0,1.0010675191879272,5.196832180023193,0.1312037110328674,0.0308129414916038,0.3920971751213074,8.517356840451848,0.06184587627649307,5.196832180023193,0.13120371103286743,0.03081294069156457,1.0293507793436814,0.4170988727484265,0.0007063999999999994,0.0001288377679884,0.18238642127463212,4.077761779714716,0.5970260150208886,0.09677875461891765,-0.007154123723506822,0.32820498942913556
22,0.00408028,0.0134928,0.0175731,1,0.146033730090337,1,1,1.34057,1.28720347272326,1.04152711589404,1.00015762234925,0.224540939496658,0.313873469142336,0.424927919002141,0.931578169731576,977.973098518428,18.3989805548948,7.15638385639806,1.13316416345623,898.364922042158,1.3238597082043,26.0498610237702,-0.499,-0.019,0.049,-0.001,0.049,-0.001,0.003,-0.001,0.0749999999999999,-0.001,0.0769999999999999,-0.001,0.0829999999999999,-0.001,0.008,0.0,39,6,0,0,0.0042180828750133,0.0056130639277398,0.0,1.0010747909545898,5.331973552703857,0.1367630809545517,0.0294014606624841,0.3972235321998596,8.49490903960078,0.06580615788698196,5.331973552703857,0.1367630809545517,0.02940146077419593,1.0337728967162303,0.41600438216973495,0.0007736999999999987,0.0001421407796441997,0.18371562575184172,4.142292703284367,0.6090785994800171,0.0936729719234443,-0.009193842113017936,0.326101894818144
23,0.0040264,0.0135602,0.0175866,1,0.146464398679575,1,1,1.35164,1.29840978698129,1.0444825987334,1.00016490607534,0.229267215791976,0.309958911961716,0.420772589137114,0.931103140127913,1037.11987040737,19.6759600657227,7.16205681797482,1.20716645100056,958.547151074379,1.41036504056009,26.0699965203561,-0.499,-0.019,0.049,-0.001,0.049,-0.001,0.003,-0.001,0.0829999999999999,-0.001,0.0829999999999999,-0.001,0.0889999999999999,-0.001,0.008,0.0,34,5,0,0,0.0041775475256145,0.0056296745315194,0.0,1.0011595487594604,5.459198951721191,0.1422810405492782,0.0281594544649124,0.4091604053974151,8.528867229886119,0.07167616486549377,5.459198951721191,0.14228104054927826,0.02815945403220378,1.0375391231905673,0.4151616149849855,0.0008410999999999991,0.00015875138342380003,0.188742579269766,4.204526957867007,0.6205904322507929,0.09084899119916405,-0.011323835134506119,0.32715260330881013
24,0.00397419,0.0136255,0.0175997,1,0.146883817304529,1,1,1.36159,1.30849300184178,1.04748547922454,1.00017216376286,0.233938899347952,0.306498563399885,0.417657723756391,0.930606336038544,1092.24676369234,62.6627619957802,7.16826605597759,1.28187369353141,1014.75812136881,1.49769403388661,26.0297332784976,-0.499,-0.019,0.049,-0.001,0.049,-0.001,0.003,-0.001,0.0869999999999999,-0.001,0.0889999999999999,-0.001,0.0949999999999999,-0.001,0.008,0.0,39,6,0,0,0.0041392529383301,0.0056461971253156,0.0,1.0011577606201172,5.574202060699463,0.1477606147527694,0.0271032620221376,0.3980008959770202,8.43705746547901,0.07564348727464676,5.574202060699463,0.14776062965393066,0.027103259945658785,1.0415337309816843,0.4143845822403288,0.0009063999999999999,0.00017527397722000033,0.19337376127537548,4.260016716064548,0.6316205435035229,0.08842867555883549,-0.011356512725353138,0.32413153739261
25,0.00392051,0.0136927,0.0176133,1,0.147316593601057,1,1,1.37064,1.31768705376366,1.05078635536571,1.0001794927825,0.238560619905568,0.303393394391154,0.415846087955239,0.930082057958469,1147.09426464168,183.136746010535,7.17293255591684,1.36211919574201,1070.7807214356,1.59149658794021,25.9386527893058,-0.499,-0.019,0.049,-0.001,0.049,-0.001,0.003,-0.001,0.0949999999999999,-0.001,0.0949999999999999,-0.001,0.1009999999999999,-0.001,0.008,0.0,36,5,0,0,0.0040990216657519,0.0056628938764333,0.0,1.0011258125305176,5.695723533630371,0.1531974375247955,0.026050491258502,0.3780237436294555,8.51871297623124,0.07961080223321915,5.695723533630371,0.15319743752479553,0.026050492556461906,1.045532766337007,0.41357028755711434,0.0009735999999999998,0.0001919707283376997,0.1971761794758625,4.3225161219895805,0.6421740419078273,0.08586373909286917,-0.015389197766780757,0.3284177110286701
26,0.00386225,0.0137657,0.017628,1,0.147788102864386,1,1,1.37894,1.326127246109,1.05768819355004,1.0001867652018,0.243134903067566,0.300584046575282,0.413876916669398,0.929533186175839,1204.81614763828,270.198483923938,7.1788246253601,1.45339139428157,1129.83159807863,1.69818832814242,25.7937171108037,-0.499,-0.019,0.049,-0.001,0.049,-0.001,0.003,-0.001,0.1009999999999999,-0.001,0.1009999999999999,-0.001,0.1069999999999999,-0.003,0.008,0.0,38,5,0,0,0.0040539507754147,0.0056838868185877,0.0,1.0011159181594849,5.820263385772705,0.1585873961448669,0.0250339675694704,0.399776428937912,8.577914135649603,0.0847909078001976,5.820263385772705,0.15858739614486694,0.02503396529207176,1.0496344813035667,0.41290212764971634,0.0010466,0.00021296367049210025,0.2034814355934457,4.38891773232922,0.6522609224097958,0.08328441863331087,-0.016209092199802294,0.3325582776146965
27,0.00380887,0.0138326,0.0176415,1,0.148223794192808,1,1,1.3867,1.33402319547468,1.10278267505031,1.0001939998614,0.247647718363789,0.297990972677407,0.395892070540908,0.928956929877955,1255.28280988155,333.429351098323,7.18405390142057,1.5393393861856,1181.56954519563,1.79865604817625,25.6304117466846,-0.499,-0.019,0.049,-0.001,0.049,-0.001,0.003,-0.001,0.1069999999999999,-0.001,0.1069999999999999,-0.001,0.1129999999999999,-0.003,0.008,0.0,38,5,0,0,0.0040116580203175,0.0057046678848564,0.0,1.001111388206482,5.935565948486328,0.1639371812343597,0.0241449624300003,0.3946956396102905,8.682198587825022,0.08875823020935059,5.935565948486328,0.16393718123435974,0.024144961086246808,1.0532409928187363,0.4124074927964663,0.0011135,0.00023374473676080008,0.20991893736937592,4.4493723712010125,0.6619773536275414,0.08102581837651393,-0.018241769790649315,0.3387459660669751
28,0.0037534,0.0139022,0.0176556,1,0.148677426459712,1,1,1.394,1.34145679393565,1.12380095599578,1.00020129043415,0.252110371574501,0.295580256950945,0.379273507903658,0.928338730243181,1306.14185897296,396.642406261643,7.18890599994432,1.63229602401646,1235.00157892907,1.90731609495971,25.4461697270563,-0.499,-0.019,0.049,-0.001,0.049,-0.001,0.003,-0.001,0.1129999999999999,-0.001,0.1149999999999999,-0.001,0.119,-0.003,0.008,0.0,38,6,0,0,0.0039675389416515,0.0057240473106503,0.0,1.0011261701583862,6.0564656257629395,0.169238805770874,0.0232627149671316,0.4145223796367645,8.784321748882007,0.09393833577632904,6.0564656257629395,0.16923879086971283,0.023262716216807516,1.057051990635557,0.4117367978197911,0.0011830999999999994,0.00025312416255470014,0.21394993031417484,4.5148421128004435,0.6712885499867757,0.07870185650116787,-0.019061664223670866,0.3452119451809617
29,0.00369328,0.0139778,0.017671,1,0.149170089048421,1,1,1.40131,1.3484810793557,1.15905312457113,1.00020853380137,0.256524532190894,0.293148152752232,0.36469311829142,0.927684978818873,1359.40157891724,476.619739092296,7.19418811398512,1.73694655670636,1291.04155703629,2.02964516098065,25.2208693336308,-0.499,-0.019,0.049,-0.001,0.061,-0.001,0.003,-0.001,0.119,-0.001,0.121,-0.001,0.127,-0.001,0.008,0.0,39,6,0,0,0.0039237989112734,0.0057438369840383,0.0,1.001172661781311,6.15127420425415,0.1744954735040664,0.0226042587310075,0.3937525451183319,8.845824902174686,0.09988930821418762,6.15127420425415,0.17449547350406647,0.022604260066484232,1.0624157689840465,0.4109256810111963,0.0012586999999999997,0.0002729138359427001,0.2168219877196315,4.561631822964257,0.6802291851533901,0.07710865144053136,-0.019110691785812373,0.35073433770893886
30,0.00363598,0.0140496,0.0176856,1,0.149644201534589,1,1,1.44464,1.35584042917815,1.17576470791079,1.0002157828689,0.260877766423467,0.290761382190479,0.356135809788713,0.926997884409412,1408.06408770845,550.566040117911,7.19769236690925,1.83962898775328,1342.33174585058,2.14967333513741,24.9887018832978,-0.499,-0.019,0.061,-0.001,0.061,-0.001,0.003,-0.001,0.127,-0.001,0.127,-0.001,0.133,-0.003,0.008,0.0,38,5,0,0,0.0038766865618526,0.005767960101366,0.0,1.0012478828430176,6.23417854309082,0.1797051727771759,0.0220511239022016,0.4232363700866699,8.906079679931844,0.10506942123174667,6.23417854309082,0.1797051727771759,0.02205112477633129,1.0662012887454275,0.4105426561159036,0.0013305,0.00029703695327039977,0.22325212571995473,4.598017885386189,0.6888481730001913,0.0758392456937621,-0.021930578768253328,0.35640425507195234
31,0.00357947,0.0141207,0.0177001,1,0.150112479455207,1,1,1.48746,1.36299591532856,1.19889111856637,1.00022308487141,0.265174240289832,0.288523864054656,0.347735450853784,0.926267388453201,1454.18482284897,621.402377506527,7.20116607257195,1.94376878471037,1391.0152542682,2.27140477172692,24.7467789720945,-0.499,-0.019,0.061,-0.001,0.061,-0.001,0.003,-0.001,0.133,-0.001,0.133,-0.001,0.139,-0.003,0.008,0.0,38,5,0,0,0.003830918110907,0.0057907365262508,0.0,1.001270413398743,6.3380584716796875,0.1848675161600113,0.0213862359523773,0.4540714621543884,8.899269841491819,0.10903673619031906,6.3380584716796875,0.1848675161600113,0.02138623722132104,1.0702473022282628,0.4100884889736911,0.0014015999999999994,0.00031981337815520025,0.22817735313584503,4.6500935185501655,0.6971548818541103,0.07412293614758339,-0.023963263809680946,0.35961325922565546
32,0.00351545,0.0142012,0.0177167,1,0.150643434726052,1,1,1.52968,1.36978947309884,1.20419870764129,1.00023035432138,0.269424443885892,0.286423416736849,0.344357755379644,0.925495625532219,1504.79199560789,699.937701804353,7.20317133994325,2.06633734459527,1444.53075074203,2.41467769369835,24.4587248024157,-0.499,-0.019,0.061,-0.001,0.061,-0.001,0.003,-0.001,0.141,-0.001,0.141,-0.001,0.147,-0.003,0.008,0.0,38,5,0,0,0.0037856409326195,0.0058127562515437,0.0,1.0012680292129517,6.43964147567749,0.1899847239255905,0.0207647141069173,0.3894725441932678,8.91747226860675,0.11498770862817764,6.43964147567749,0.18998472392559052,0.020764712960355945,1.076858135550072,0.40931444184602,0.0014821,0.00034183310344809963,0.23064105218817868,4.701190658962543,0.7051502869800996,0.07249656590052776,-0.026012291371822344,0.36459268995601946
33,0.00345507,0.0142771,0.0177322,1,0.151150408992663,1,1,1.57131,1.37630215853023,1.21294217244222,1.00023760887877,0.273609507137204,0.284431355972246,0.341191709017254,0.924690682405865,1550.317087207,771.294225795794,7.20531623758269,2.18464760016808,1492.76457486598,2.55297270039166,24.1809063283773,-0.499,-0.019,0.061,-0.001,0.061,-0.001,0.003,-0.001,0.147,-0.001,0.149,-0.001,0.153,-0.003,0.008,0.0,38,6,0,0,0.0037397926207631,0.005835204385221,0.0,1.001318097114563,6.549653053283691,0.1950585544109344,0.0201216917484998,0.3980754315853119,9.00257235496749,0.1201678216457367,6.549653053283691,0.19505853950977325,0.02012169270894622,1.0824071931286774,0.4087107595534808,0.0015579999999999986,0.0003642812371254002,0.23381337427817747,4.758877265932756,0.7129085405395672,0.07074357775963075,-0.026832178354263297,0.372300865513986
34,0.00339132,0.0143575,0.0177488,1,0.151683963647341,1,1,1.61232,1.38256727113652,1.21708579599931,1.00024486982593,0.277739903202411,0.282534657837735,0.339545145843955,0.923850059972184,1596.47173156947,844.276772662378,7.20725055356549,2.3131742876806,1541.73081746334,2.70320957936709,23.8816548764567,-0.499,-0.019,0.061,-0.001,0.061,-0.001,0.003,-0.001,0.155,-0.001,0.155,-0.001,0.161,-0.003,0.008,0.0,38,5,0,0,0.0036909412592649,0.0058603663928806,0.0,1.0012985467910769,6.663407325744629,0.2000852525234222,0.0194877050817012,0.363314151763916,9.145455029797336,0.12534792721271515,6.663407325744629,0.20008528232574463,0.019487705439840162,1.0883494507344926,0.40817457028595505,0.0016384,0.00038944324478500016,0.23769729295959482,4.819589950416712,0.720405135223239,0.06897456485813983,-0.02965207278728485,0.38294896551801433
35,0.00332978,0.014435,0.0177648,1,0.152204183768317,1,1,1.65269,1.40166744900527,1.23373834960818,1.00025223637983,0.281806749528341,0.280716910350751,0.337927456453419,0.922972819726278,1639.12426675685,912.293399245687,7.20967965737602,2.4402739959146,1587.0457173829,2.85177817113399,23.5904838509269,-0.499,-0.019,0.499,-0.48875,0.061,-0.001,0.003,-0.001,0.161,-0.001,0.163,-0.001,0.167,-0.003,0.008,0.0,38,6,0,0,0.0036404286511242,0.0058869225904345,0.0,1.001267671585083,6.758500099182129,0.2050632834434509,0.01898043602705,0.3731867969036102,9.103529627019286,0.13129889965057373,6.758500099182129,0.20506328344345093,0.018980437809745933,1.0932940467911394,0.4078228327284032,0.0017158999999999994,0.0004159994423389001,0.2424380455381434,4.821757189252326,0.7276734279312495,0.06761415264700038,-0.029701100349426274,0.38589838532123183
36,0.00326885,0.0145119,0.0177807,1,0.152720632772176,1,1,1.69242,1.43551984995191,1.24389711978496,1.00025957950894,0.28581319177938,0.275175210499747,0.330403677935053,0.922052355210191,1679.58221185467,977.319483135269,7.21023488329085,2.56897174096722,1630.08637499775,3.00221448356861,23.30153067969,-0.499,-0.019,0.499,-0.48875,0.499,-0.48875,0.003,-0.001,0.169,-0.001,0.169,-0.001,0.175,-0.003,0.008,0.0,38,5,0,0,0.0035948785953223,0.0059084463864564,0.0,1.0013301372528076,6.8511199951171875,0.2100006937980651,0.0185051672160625,0.3962282836437225,9.05793909100261,0.13526621460914612,6.8511199951171875,0.210000678896904,0.018505165608200303,1.0997380104080334,0.4071449215096852,0.001792799999999999,0.0004375232383608003,0.24404464433333364,4.772570713910157,0.7347480796483502,0.06724867106471974,-0.03373378539085389,0.3887272134829176
37,0.00320428,0.0145935,0.0177978,1,0.153269078671665,1,1,1.73145,1.46878783056298,1.2503993626329,1.00026683710851,0.289765038103165,0.266038456030983,0.326442135640116,0.92108365628366,1720.82922280257,1044.14708430945,7.21095833564476,2.70912586833956,1674.02204914425,3.16604203889497,22.9944088165446,-0.499,-0.019,0.499,-0.48875,0.499,-0.48875,0.003,-0.001,0.175,-0.001,0.177,-0.001,0.183,-0.001,0.008,0.0,41,6,0,0,0.0035416646860539,0.0059365723282098,0.0,1.001299262046814,6.939946174621582,0.2148853540420532,0.0180659350007772,0.3647531569004059,9.237538214270074,0.14242999255657196,6.939946174621582,0.21488532423973083,0.01806593373050292,1.1052918864936585,0.4067956506807688,0.0018744,0.00046564918011419987,0.24842572562644039,4.724948035525002,0.7415848214426324,0.06790723142173563,-0.03257000744342803,0.40172975474036177
38,0.00313589,0.0146799,0.0178158,1,0.153852792223055,1,1,1.76972,1.50141600566864,1.25443118976939,1.00027408136462,0.293659473229373,0.257511781622488,0.32490836216304,0.920079182089073,1762.63678360347,1112.45229598785,7.21126685389505,2.86131135715177,1718.61574533147,3.34393290024613,22.6704748078633,-0.499,-0.019,0.499,-0.48875,0.499,-0.48875,0.003,-0.001,0.183,-0.001,0.185,-0.001,0.1909999999999999,-0.001,0.008,0.0,41,6,0,0,0.0034893359988927,0.0059639788232743,0.0,1.001250147819519,7.034866809844971,0.2197223454713821,0.0176136270165443,0.3819230198860168,9.418070769416554,0.14838096499443054,7.034866809844971,0.21972234547138214,0.017613628826752544,1.112709948018808,0.40626835491211116,0.0019607999999999987,0.0004930556751787003,0.2514563826900758,4.685488088101249,0.7482215474103241,0.06839930548251909,-0.034619035005569454,0.41543332679339723
39,0.00307022,0.0147631,0.0178333,1,0.154416546175999,1,1,1.80722,1.53341407788402,1.25969785650992,1.00028135777135,0.297485432222916,0.249541185147189,0.322980474813933,0.919037814271694,1800.74594770782,1175.25530558216,7.21140992929003,3.0098918407332,1759.32603917217,3.517609592245,22.3639929583373,-0.499,-0.019,0.499,-0.48875,0.499,-0.48875,0.003,-0.001,0.1909999999999999,-0.001,0.1929999999999999,-0.001,0.1969999999999999,-0.003,0.008,0.0,38,6,0,0,0.0034403109457343,0.0059890341944992,0.0,1.001220703125,7.127351760864258,0.224515825510025,0.0171890743076801,0.4301707446575165,9.300976194550103,0.15433193743228912,7.127351760864258,0.22451582551002502,0.01718907270014523,1.1205421584558437,0.40567592135115255,0.002043999999999999,0.0005181110464035996,0.2534789855203522,4.6480281247315745,0.7547119999536233,0.06888271488147867,-0.03666806256771077,0.41589067801430774
40,0.00300174,0.0148499,0.0178516,1,0.155006192009309,1,1,1.84392,1.56473340628796,1.26552715148271,1.00028863110295,0.301251065950041,0.24209207356581,0.320852457381985,0.917956645147427,1838.75310881521,1238.42629567592,7.21028693071294,3.16846585432666,1799.98486781212,3.70296754224244,22.0475062491923,-0.499,-0.019,0.499,-0.48875,0.499,-0.48875,0.003,-0.001,0.1989999999999999,-0.001,0.2009999999999999,-0.001,0.2049999999999999,-0.003,0.008,0.0,38,6,0,0,0.0033862898126244,0.0060175852850079,0.0,1.0011467933654783,7.20160436630249,0.229257583618164,0.0168592222034931,0.3894275426864624,9.555183575581882,0.15951204299926758,7.20160436630249,0.22925758361816406,0.016859224349543657,1.1281089676735492,0.40522732712057996,0.0021307999999999987,0.0005466621369122999,0.25655253281035306,4.602448146989436,0.761018331653584,0.06963971168147358,-0.03948795700073232,0.4333906731937963
41,0.00293467,0.014935,0.0178696,1,0.155588155935777,1,1,1.8798,1.595369452174,1.27121715932888,1.000295890079,0.304949691095922,0.235122940031824,0.318795488771664,0.916833430979049,1874.1728183921,1297.81639995696,7.20936792134159,3.32666854244779,1837.93387759758,3.88789121019017,21.7424204315606,-0.499,-0.019,0.499,-0.48875,0.499,-0.48875,0.003,-0.001,0.2069999999999999,-0.001,0.2089999999999999,-0.001,0.2129999999999999,-0.003,0.008,0.0,38,6,0,0,0.0033340007066726,0.0060453009791672,0.0,1.0011595487594604,7.261992454528809,0.2339525669813156,0.0165979173034429,0.3660056591033935,9.565476835965491,0.16546301543712616,7.261992454528809,0.23395255208015442,0.01659791619892425,1.136073461981279,0.40477408631852696,0.0022159,0.0005743778310716005,0.2592074692321858,4.551918958102737,0.7671841415564044,0.07059250493038392,-0.04153698456287375,0.43994535318986616
42,0.00286682,0.0150212,0.017888,1,0.156178315483233,1,1,1.91482,1.62529437133249,1.28172767313986,1.00030313378322,0.3085847920088,0.228601461354492,0.316801085683375,0.915664966723193,1908.4214605621,1355.57738139958,7.20787565938496,3.48976066463709,1874.57444124923,4.07852993141377,21.438752903753,-0.499,-0.019,0.499,-0.48875,0.499,-0.48875,0.005,-0.001,0.2149999999999999,-0.001,0.2169999999999999,-0.001,0.2209999999999999,-0.003,0.008,0.0,38,6,0,0,0.0032822387292981,0.0060725146904587,0.0,1.001131892204285,7.321109771728516,0.2386005222797393,0.0163479465991258,0.417654812335968,9.598101694992113,0.17141400277614594,7.321109771728516,0.23860050737857819,0.016347947608290198,1.1449057594470877,0.4042629543883777,0.0023020999999999996,0.0006015915423631,0.2613229409509144,4.5044823269315435,0.7732089476170136,0.07151287005018336,-0.04358599722385398,0.44769869488592784
43,0.00279806,0.0151087,0.0179068,1,0.156778879064157,1,1,1.94896,1.65447809897849,1.29355234044098,1.0003103783976,0.312156041595741,0.222498715638259,0.313793195766706,0.914442859047746,1942.04428270279,1411.82990274994,7.20602321511554,3.65814081070515,1909.99266404785,4.27534961351977,21.136351966742,-0.499,-0.019,0.499,-0.48875,0.499,-0.48875,0.005,-0.001,0.2229999999999999,-0.001,0.2249999999999999,-0.001,0.2289999999999999,-0.003,0.008,0.0,38,6,0,0,0.0032281009480357,0.006101528648287,0.0,1.0011725425720217,7.381838321685791,0.2431965172290802,0.0160969998687505,0.4067526459693908,9.612096631014127,0.17736497521400452,7.381838321685791,0.2431965172290802,0.016097000439865883,1.1536925398439277,0.4038420677018539,0.0023895999999999987,0.0006306055001913998,0.2638958403880985,4.46173226846792,0.7790863697074711,0.07234648443958297,-0.045635024785995376,0.4547661131939295
44,0.00272894,0.0151968,0.0179258,1,0.157385325593868,1,1,1.98219,1.68289689053406,1.29859288978312,1.00031762656823,0.315662093777126,0.216787136262691,0.309220448021442,0.913169537057223,1974.1847003964,1466.08162381606,7.20388532398514,3.83029979799727,1943.88978174705,4.4765861698616,20.8383027836682,-0.499,-0.019,0.499,-0.48875,0.499,-0.48875,0.005,-0.001,0.2309999999999999,-0.001,0.2329999999999999,-0.001,0.237,-0.003,0.008,0.0,38,6,0,0,0.003172239055857,0.0061331149190664,0.0,1.0011931657791138,7.443521022796631,0.2477418631315231,0.0158479809761047,0.3849883079528808,9.746098969162725,0.1852996051311493,7.443521022796631,0.24774186313152313,0.015847979526861,1.1624436799112476,0.4035793666473468,0.0024776999999999993,0.0006621917709707997,0.26726067359680344,4.42304045165504,0.7848324775620409,0.07310388083590426,-0.04570039486885061,0.46770118806417993
45,0.00265923,0.0152858,0.017945,1,0.158000371600137,1,1,2.01448,1.71052375354498,1.30354669664834,1.00032486136678,0.319103127826139,0.21144230470381,0.30752322555438,0.911846468013407,2005.004079912,1518.57900070606,7.20131072550837,4.0068730167839,1976.43374407269,4.68298231137676,20.5437570924592,-0.499,-0.019,0.499,-0.48875,0.499,-0.48875,0.005,-0.001,0.239,-0.001,0.241,-0.001,0.245,-0.003,0.008,0.0,38,6,0,0,0.0031175590120255,0.0061642620712518,0.0,1.0011897087097168,7.506289005279541,0.2522346377372741,0.0156004633754491,0.3818980157375335,9.98324672103039,0.19125057756900787,7.506289005279541,0.25223466753959656,0.01560046251124062,1.172354031815789,0.40326721998533277,0.0025667,0.0006933389231561999,0.2701285398200802,4.388298607209114,0.7904486535609965,0.07378118299127674,-0.04774942243099212,0.4859503875605522
46,0.00258879,0.015376,0.0179647,1,0.158623078171956,1,1,2.04579,1.73733073502178,1.30842619779407,1.00033216717828,0.322478962260889,0.206442178932433,0.305865104056948,0.910473663755976,2034.5701656307,1569.41662449637,7.19890505064441,4.18820716778273,2007.6951291018,4.8949432824048,20.2523325796579,-0.499,-0.019,0.499,-0.48875,0.499,-0.48875,0.005,-0.001,0.247,-0.001,0.249,-0.001,0.255,-0.001,0.008,0.0,41,6,0,0,0.0030640014447271,0.0061941239982843,0.0,1.0011895895004272,7.562684059143066,0.2566785216331482,0.0153829883784055,0.3671730160713196,10.094760939393863,0.19720155000686646,7.562684059143066,0.2566785216331482,0.015382988518193039,1.1835650804920832,0.4028436523337864,0.0026569000000000002,0.0007232008501887001,0.27219724121671873,4.353047987174564,0.7959543153872235,0.07451475496894576,-0.04979844999313354,0.49844929712113106
47,0.00251569,0.0154696,0.0179853,1,0.159272550996318,1,1,2.07606,1.7632646080293,1.31324004621858,1.00033937816853,0.325791442916967,0.201771146384262,0.304242388821434,0.909050300264514,2063.70401600693,1620.00297456957,7.19575710555157,4.37968404893437,2038.53862895812,5.11875984979322,19.9561654249963,-0.499,-0.019,0.499,-0.48875,0.499,-0.48875,0.005,-0.001,0.255,-0.001,0.257,-0.001,0.263,-0.003,0.008,0.0,43,6,0,0,0.0030038193799555,0.0062286490574479,0.0,1.001186490058899,7.616560935974121,0.2610673308372497,0.015179444104433,0.3398296236991882,10.165475938643347,0.20315252244472504,7.616560935974121,0.26106733083724976,0.015179445002033243,1.19403399463189,0.4026380163318961,0.0027504999999999995,0.0007577259093523,0.27548660583613893,4.3195790928320825,0.8013326823436144,0.07523099499828677,-0.05184747755527497,0.5093902421709973
48,0.00244104,0.0155655,0.0180065,1,0.159938391177545,1,1,2.10525,1.78828622790611,1.31799740468293,1.00034662543897,0.329036660956656,0.197412425013985,0.302651409284179,0.907576268650622,2091.83783275964,1669.36357398989,7.19181161288387,4.57827619125749,2068.36692254596,5.35089319435985,19.6607757985053,-0.499,-0.019,0.499,-0.48875,0.499,-0.48875,0.005,-0.001,0.265,-0.001,0.265,-0.001,0.271,-0.003,0.008,0.0,38,5,0,0,0.0029422780498862,0.0062641976401209,0.0,1.0012047290802002,7.666872978210449,0.2654013931751251,0.0149929961189627,0.3567081093788147,10.094660457406466,0.211087167263031,7.666872978210449,0.2654013931751251,0.01499299506829919,1.205337909205175,0.4024411448473162,0.002846399999999999,0.0007932744920252999,0.2786939615041105,4.28727396015767,0.806601283891847,0.07594758089770982,-0.05391283273696901,0.5134416139455651
49,0.00236882,0.0156584,0.0180272,1,0.160586414787552,1,1,2.13337,1.81240870971816,1.32270857663605,1.00035395472446,0.332209069120745,0.193342072813804,0.301088156391889,0.906053117180616,2117.75989601238,1714.87633865353,7.18856961870297,4.77274257409385,2095.61927799592,5.57820375424483,19.382464877141,-0.499,-0.019,0.499,-0.48875,0.499,-0.48875,0.007,-0.001,0.273,-0.001,0.275,-0.001,0.281,-0.001,0.008,0.0,41,6,0,0,0.0028825951740145,0.0062985992990434,0.0,1.0011576414108276,7.719279766082764,0.2696788907051086,0.0148024102672934,0.3576501607894897,10.35930266134554,0.2170381397008896,7.719279766082764,0.26967889070510864,0.014802411518257745,1.2168907616511595,0.40225050446044297,0.002939299999999999,0.0008276761509477997,0.2815895454522505,4.259127494086671,0.8117746195757554,0.07656073017045131,-0.05596186029911043,0.5344677638788314
50,0.00229348,0.0157556,0.018049,1,0.161262459446706,1,1,2.16036,1.83557301059613,1.32775143295996,1.00036208018231,0.33531721943543,0.189550122463348,0.299550381592301,0.904482463767146,2143.63039959638,1760.3107098074,7.18429494233585,4.97897063623214,2122.5689163929,5.8192622525126,19.0983978066365,-0.499,-0.019,0.499,-0.48875,0.499,-0.48875,0.007,-0.001,0.281,-0.001,0.283,-0.001,0.289,-0.003,0.008,0.0,43,6,0,0,0.0028185080736875,0.0063367784023284,0.0,1.0011467933654783,7.772056579589844,0.2738862931728363,0.0146141303703188,0.3611232042312622,10.40604790687228,0.22485457360744476,7.772056579589844,0.2738862931728363,0.01461413138546276,1.2289220196764306,0.4021921350077686,0.003036500000000001,0.0008658552542328002,0.2851491039791865,4.234130996002033,0.8167975794203939,0.07709902890273591,-0.056145426392555264,0.5448649678485744
51,0.00222067,0.0158495,0.0180702,1,0.161921973327467,1,1,2.18624,1.85779627252175,1.33728850084265,1.00036927792254,0.338351640499961,0.18601553413891,0.298035305191735,0.902862241073484,2167.20702114151,1802.17207128867,7.17946628134575,5.18079034703285,2147.15716244483,6.05516765554945,18.830802602682,-0.499,-0.019,0.499,-0.48875,0.499,-0.48875,0.007,-0.001,0.291,-0.001,0.291,-0.001,0.297,-0.003,0.008,0.0,38,5,0,0,0.0027614533901214,0.0063699414022266,0.0,1.001164436340332,7.826254844665527,0.2780370116233825,0.0144244944676756,0.3844047486782074,10.400727693791628,0.23271898925304413,7.826254844665527,0.27803701162338257,0.014424494461494056,1.2435226261089671,0.4019017257469699,0.0031303999999999985,0.0008990182541309998,0.28718957773159987,4.212655047500049,0.8217398065886267,0.07754456924497437,-0.05828101074695585,0.5523252467375073
52,0.00214537,0.015947,0.0180924,1,0.16260494735,1,1,2.21094,1.8790286244494,1.34223246938085,1.00037744321926,0.341321658265248,0.182729533889959,0.295758173549443,0.901190357063074,2190.27442303654,1843.59291340337,7.17389335849983,5.39286547891169,2171.24125746907,6.30306032935497,18.5600144240862,-0.499,-0.019,0.499,-0.48875,0.499,-0.48875,0.007,-0.001,0.299,-0.001,0.301,-0.001,0.307,-0.003,0.008,0.0,43,6,0,0,0.0026946156285703,0.0064109819941222,0.0,1.0011943578720093,7.878851413726807,0.2821293771266937,0.0142439706251025,0.3674665093421936,10.73219514934002,0.23987837135791779,7.878851413726807,0.2821294069290161,0.01424396907586437,1.2560144071047417,0.4020180594545808,0.003227899999999999,0.0009400588460266,0.29122923449505883,4.1930449122537965,0.8265791821140317,0.07795111344004367,-0.0591216286420822,0.5782428237454572
53,0.00207006,0.0160446,0.0181147,1,0.163290203177375,1,1,2.23446,1.89925726978403,1.34715116295968,1.00038531083825,0.344221515675538,0.17967866769691,0.293170634511037,0.899480382699869,2211.99336246925,1883.06285586547,7.1683116841071,5.60772630826409,2193.94628875731,6.55420896570064,18.2958610668259,-0.499,-0.019,0.499,-0.48875,0.499,-0.48875,0.007,-0.001,0.309,-0.001,0.309,-0.001,0.3149999999999999,-0.003,0.008,0.0,38,5,0,0,0.0026317774318158,0.0064491424709558,0.0,1.0011731386184692,7.923292636871338,0.2861630320549011,0.0140940658748149,0.3501697182655334,10.966918510615429,0.24657529592514038,7.923292636871338,0.2861630320549011,0.014094063443288474,1.2713532128613665,0.40195096611668724,0.0033254999999999986,0.0009782193228602002,0.2941570659630734,4.171784814477671,0.8313339492835113,0.0784403961553711,-0.062424704074859616,0.5994207362287349
54,0.00199513,0.016142,0.0181371,1,0.16397542124736,1,1,2.25679,1.91847618837125,1.35204967483992,1.00040224799261,0.34705175460868,0.176849820915496,0.291622108013802,0.897724782787346,2232.33710691975,1911.99703623952,7.16209912213986,5.82430956503859,2215.2415253484,6.80737072478261,18.0393481615068,-0.499,-0.019,0.499,-0.48875,0.499,-0.48875,0.007,-0.001,0.3169999999999999,-0.001,0.3189999999999999,-0.001,0.3249999999999999,-0.003,0.008,0.0,43,6,0,0,0.0025671455077826,0.0064897714182734,0.0,1.0011639595031738,7.970653533935547,0.2901300191879272,0.0139368986710906,0.4357732832431793,11.211823846209429,0.25409606099128723,7.970653533935547,0.29013001918792725,0.013936899321285222,1.286705882715713,0.4020425856940528,0.0034228999999999996,0.0010188482701778004,0.29765645218317816,4.154679418097173,0.8359848793015463,0.07880640533840323,-0.06290393900871266,0.6215204532796667
55,0.00191801,0.0162423,0.0181604,1,0.164682007397603,1,1,2.27789,1.93664565235364,1.35693013341657,1.00041405146597,0.349814947983397,0.174235949730417,0.290091955509584,0.895936021851861,2252.04433184656,1949.21756829424,7.15549226497191,6.05053236281624,2235.90062297423,7.07179981656065,17.7812082858862,-0.499,-0.019,0.499,-0.48875,0.499,-0.48875,0.007,-0.001,0.3269999999999999,-0.001,0.3289999999999999,-0.001,0.3329999999999999,-0.003,0.008,0.0,38,6,0,0,0.0025039070751518,0.0065298932604491,0.0,1.0011323690414429,8.019970893859863,0.2940353155136108,0.0137760201469063,0.4098802506923675,11.361014220762817,0.26102110743522644,8.019970893859863,0.29403531551361084,0.013776020416780646,1.3054713349522682,0.40203008566823045,0.0035232000000000006,0.0010589701123535,0.30057053597681077,4.141165878287053,0.8405453146260815,0.07906531440968964,-0.06597889256477346,0.6389337573746661
56,0.00184578,0.0163365,0.0181822,1,0.16534713868112,1,1,2.29783,1.95383001427391,1.3617955825722,1.00042821722197,0.352502221709558,0.171816335801572,0.288578452455443,0.894112810846729,2269.33309459691,1982.34028317041,7.1488099216516,6.26438700297972,2254.05204126424,7.32177172324276,17.5458283829271,-0.499,-0.019,0.499,-0.48875,0.499,-0.48875,0.007,-0.001,0.3349999999999999,-0.001,0.3369999999999999,-0.001,0.3429999999999999,-0.003,0.008,0.0,43,6,0,0,0.0024415678344666,0.0065684029832482,0.0,1.001121997833252,8.074214935302734,0.2978734374046325,0.0136022651568055,0.3626176416873932,11.565548383161433,0.2696990668773651,8.074214935302734,0.29787343740463257,0.013602266139007106,1.32278377405032,0.4020691692374866,0.0036173999999999998,0.0010974798351526,0.3033891289745674,4.132506347182565,0.8450257021360379,0.07916747318202935,-0.0653009331226348,0.6591622880806953
57,0.00176761,0.0164385,0.0182061,1,0.166066824053009,1,1,2.3165,1.96993898800073,1.36664693881165,1.00046627209538,0.355129551614449,0.16959319705686,0.287081082718814,0.892257797105115,2286.99750755587,2016.70707021991,7.14090766362725,6.50031297754638,2272.62964382803,7.59754230492396,17.2952868794996,-0.499,-0.019,0.499,-0.48875,0.499,-0.48875,0.007,-0.001,0.345,-0.001,0.347,-0.001,0.353,-0.001,0.008,0.0,39,6,0,0,0.0023758125025779,0.0066117686219513,0.0,1.0011253356933594,8.129136085510254,0.3016479611396789,0.0134296705946326,0.4011838138103485,11.709175960383686,0.2765818238258362,8.129136085510254,0.30164796113967896,0.01342967070326988,1.3440818407781694,0.4022124051434924,0.003719400000000001,0.0011408454738557,0.3067283631380598,4.126592820907833,0.8494025905992947,0.07918755485298148,-0.06841817617416379,0.6770154228700752
58,0.00169527,0.0165329,0.0182281,1,0.166736168556159,1,1,2.33402,1.98505785126743,1.3714866061397,1.00048835572879,0.357679788943818,0.167545361138965,0.285598891739705,0.890378691476086,2302.23659074324,2046.85909815106,7.13305312825502,6.72042629091077,2288.68734820201,7.85482948907126,17.0696593206358,-0.499,-0.019,0.499,-0.48875,0.499,-0.48875,0.007,-0.001,0.353,-0.001,0.355,-0.001,0.361,-0.003,0.008,0.0,43,6,0,0,0.0023111677728593,0.0066527505405247,0.0,1.0011790990829468,8.188053131103516,0.3053611516952514,0.0132481446489691,0.3591350018978119,11.891926673697668,0.28526338934898376,8.188053131103516,0.30536115169525146,0.013248144722955383,1.3633036465337673,0.4023946519076932,0.003813799999999999,0.0011818273924291004,0.3098818481381039,4.12484357867735,0.8537277227682986,0.07907198718549337,-0.06773661065101622,0.6966704168091578
59,0.00162196,0.0166286,0.0182506,1,0.167413699790066,1,1,2.35037,1.99917460693394,1.37631578381262,1.0004989084408,0.360164649090618,0.165666228567389,0.284131314680475,0.88846618298722,2316.74652252121,2076.07626124775,7.12428982568701,6.94695370958536,2304.00760032672,8.11961382231602,16.8451261074623,-0.499,-0.019,0.499,-0.48875,0.499,-0.48875,0.007,-0.001,0.363,-0.001,0.363,-0.001,0.369,-0.003,0.008,0.0,38,5,0,0,0.0022447512019425,0.0066952528432011,0.0,1.001147747039795,8.249906539916992,0.3090147972106933,0.0130615038797259,0.3591987192630768,11.866903596096533,0.29331979155540466,8.249906539916992,0.30901479721069336,0.013061503512123472,1.3839744518622532,0.40263478844888323,0.0039095,0.0012243296951054998,0.3131678462988873,4.126656326717539,0.8579820312485601,0.0788422842282113,-0.06968020844459533,0.7044710452383944
60,0.00154383,0.0167306,0.0182744,1,0.168135475605692,1,1,2.36547,2.01222682046915,1.38113525442834,1.00056773158428,0.362589094169983,0.163956465323717,0.282677925796793,0.886523446225908,2331.22128450863,2105.82160196127,7.11462028626234,7.19260277829475,2319.32780912566,8.40674893003581,16.6099004289074,-0.499,-0.019,0.499,-0.48875,0.499,-0.48875,0.007,-0.001,0.371,-0.001,0.373,-0.001,0.379,-0.003,0.008,0.0,43,6,0,0,0.002175896661356,0.0067401984706521,0.0,1.0011756420135498,8.313889503479004,0.3126061856746673,0.0128725552931427,0.3647052049636841,12.197191212280805,0.3002406060695648,8.313889503479004,0.31260621547698975,0.012872556205556792,1.4094146773647358,0.402866512297951,0.004011500000000001,0.0012692753225565,0.3164091543204536,4.131686059894889,0.8621499948592399,0.07851203225031121,-0.07075939393043518,0.7343325906429371
61,0.00147094,0.0168254,0.0182964,1,0.168811693340873,1,1,2.37943,2.02430051860293,1.38594650988472,1.00060938301181,0.364936877034958,0.162398070002415,0.281238099826868,0.884584138067111,2343.7279219219,2132.11925499533,7.10437521424416,7.42418044057967,2332.60267912514,8.67743598718323,16.3955003860451,-0.499,-0.019,0.499,-0.48875,0.499,-0.48875,0.007,-0.001,0.381,-0.001,0.381,-0.001,0.387,-0.003,0.008,0.0,38,5,0,0,0.0021089843939989,0.0067849694751203,0.0,1.001255750656128,8.366216659545898,0.3161380589008331,0.0127210607752203,0.388854831457138,12.68123726809703,0.30887147784233093,8.366216659545898,0.31613805890083313,0.01272106057131908,1.4337664309889593,0.40325754366138694,0.0041063,0.0013140463270247,0.32000738548686164,4.132892612861571,0.8662814826207592,0.0783325859416379,-0.07212852215766907,0.7734583861124827
62,0.00139206,0.0169279,0.0183199,1,0.169538422110213,1,1,2.39217,2.03532604101051,1.3907500887783,1.00063806949895,0.367226114524233,0.160994034694595,0.279811508225056,0.88265304088028,2356.31776570984,2159.28909757375,7.09257815415106,7.67972489459322,2346.0091422364,8.97613716549734,16.1666527437529,-0.499,-0.019,0.499,-0.48875,0.499,-0.48875,0.007,-0.001,0.389,-0.001,0.391,-0.001,0.397,-0.003,0.008,0.0,43,6,0,0,0.0020389962010085,0.0068315928801894,0.0,1.0012670755386353,8.411784172058105,0.3196047246456146,0.0125913023948669,0.3901443481445312,12.984197040298524,0.3175550699234009,8.411784172058105,0.3196047246456146,0.012591303138700535,1.4647329863716363,0.40357001637470685,0.004208799999999999,0.0013606697320937998,0.32329161093276,4.132892717218798,0.8703213415518796,0.07820974496820672,-0.07144493007659913,0.8031469003573336
63,0.00131564,0.0170265,0.0183421,1,0.170243142613791,1,1,2.40376,2.04535773406778,1.39554697375829,1.00065776377587,0.36944157641596,0.159732097513291,0.27839770077408,0.880754233379959,2367.50990045395,2184.20106649558,7.07991637664283,7.93086958229394,2357.9751433796,9.26969528404051,15.9491257513145,-0.499,-0.019,0.499,-0.48875,0.499,-0.48875,0.007,-0.001,0.399,-0.001,0.401,-0.001,0.407,-0.001,0.008,0.0,41,6,0,0,0.0019710422493517,0.0068754348903894,0.0,1.0012706518173218,8.453901290893555,0.3230113089084625,0.0124731278046965,0.3975897431373596,13.235766710924187,0.3244808614253998,8.453901290893555,0.3230113089084625,0.01247312846469799,1.4981623007446565,0.4038078812668135,0.004307399999999999,0.0014045117422938,0.32606949489107123,4.133214033948256,0.874323112309317,0.07808779825018346,-0.07451913857460024,0.8298741208328185
64,0.00123571,0.0171289,0.0183646,1,0.1709738188184,1,1,2.41416,2.05437331598063,1.4002719698911,1.00075094729406,0.371591968513589,0.158610398835099,0.276996354041856,0.878898632636354,2378.5337021525,2208.90228367937,7.06571926240681,8.19864144818677,2369.46833617297,9.58268829953098,15.7246784634141,-0.499,-0.019,0.499,-0.48875,0.499,-0.48875,0.009,-0.001,0.409,-0.001,0.409,-0.001,0.415,-0.003,0.008,0.0,38,5,0,0,0.0019055362790822,0.0069178165867924,0.0,1.001229763031006,8.490750312805176,0.3263599872589111,0.0123710939660668,0.394876480102539,13.585129479073014,0.3331117630004883,8.490750312805176,0.32635998725891113,0.012371094557509545,1.5420578283595665,0.40386811685469587,0.0044097999999999984,0.0014468934386967997,0.32810863048138245,4.133012362824728,0.8782751375504398,0.07799673953867639,-0.0758882369995117,0.8639368690864441
65,0.0011519,0.0172351,0.018387,1,0.171731516620681,1,1,2.42337,2.06235644889527,1.40476428236449,1.00082474929166,0.373673940060017,0.157626812314165,0.275685848696264,0.877102225342538,2388.95924792177,2233.28460621272,7.04988775190816,8.48493616393731,2380.36651522298,9.91733194441891,15.4926065360002,-0.499,-0.019,0.499,-0.48875,0.499,-0.48875,0.009,-0.001,0.419,-0.001,0.419,-0.001,0.425,-0.003,0.008,0.0,38,5,0,0,0.0018377372762188,0.0069620851427316,0.0,1.0012556314468384,8.527922630310059,0.3296488523483276,0.0122694289311766,0.363364428281784,13.798291831703391,0.3417953550815582,8.527922630310059,0.32964885234832764,0.012269428751084216,1.5953965415563853,0.40394805616048646,0.004515999999999999,0.0014911619946359998,0.33019530439238265,4.135038167082203,0.8821831468776806,0.07783846384409829,-0.07720464491844176,0.8906372081186129
66,0.00106313,0.0173455,0.0184087,1,0.172525700057626,1,1,2.43135,2.06928753168014,1.4092541469828,1.00088016641695,0.375684294584836,0.156780093998788,0.274390195371052,0.87538797465515,2398.71238750717,2257.4532798529,7.03150841207491,8.7954824191048,2390.66239703358,10.2803222371885,15.2495055147466,-0.499,-0.019,0.499,-0.48875,0.499,-0.48875,0.009,-0.001,0.429,-0.001,0.429,-0.001,0.435,-0.003,0.008,0.0,38,5,0,0,0.0017730962717905,0.0070025450550019,0.0,1.0012699365615845,8.564764022827148,0.3328838944435119,0.01216989941895,0.4116435050964355,14.245910268065666,0.34872114658355713,8.564764022827148,0.33288389444351196,0.01216989956877129,1.6678075793087392,0.403709610850186,0.004626399999999999,0.0015316219069063004,0.33106128024085696,4.138991750398778,0.8860734910714799,0.0776240089449371,-0.08027885341644286,0.9341883416671816
67,0.000970707,0.0174575,0.0184282,1,0.173334722796586,1,1,2.43814,2.07518021893063,1.41374204321492,1.00097249342368,0.377613819658066,0.156065456038964,0.273104222248829,0.873781493772834,2407.37062341158,2280.67579744333,7.01137986061689,9.12627426905517,2400.19381949227,10.6669765606598,15.0003877754211,-0.499,-0.019,0.499,-0.48875,0.499,-0.48875,0.009,-0.001,0.4389999999999999,-0.001,0.4409999999999999,-0.001,0.4469999999999999,-0.001,0.008,0.0,39,6,0,0,0.0017040219390764,0.0070479456335306,0.0,1.0012630224227903,8.59531021118164,0.3360569179058075,0.0120882932096719,0.3762848079204559,14.702573214063658,0.35735204815864563,8.59531021118164,0.3360568881034851,0.01208829272016947,1.7554441650017976,0.4037202138639897,0.0047384,0.0015770224854350003,0.33281750916659636,4.141958434632211,0.8899486735154746,0.07745655903926545,-0.08164795184135426,0.980146209163644
68,0.000843692,0.0176038,0.0184475,1,0.1744073502517,1,1,2.44339,2.07974256663538,1.41822921003709,1.00104782709467,0.379487917984428,0.155515383471325,0.271827481292349,0.872364025180056,2416.75174877424,2309.51340240663,6.97985297248546,9.59926715795327,2410.76050304405,11.2198449175681,14.658300031018,-0.499,-0.019,0.499,-0.48875,0.499,-0.48875,0.009,-0.001,0.4529999999999999,-0.001,0.4529999999999999,-0.001,0.4589999999999999,-0.003,0.008,0.0,38,5,0,0,0.0016375196864828,0.0070906477048993,0.0,1.0012069940567017,8.62846851348877,0.3391729295253753,0.0120006324723362,0.376636654138565,14.979536658532068,0.3660356402397156,8.62846851348877,0.339172899723053,0.01200063304754116,1.9408974915997779,0.40279074432220885,0.004884699999999999,0.0016197245568036998,0.33159140925823494,4.148815652433348,0.8937647641770061,0.07716685130734323,-0.08696435976028433,1.0219149987948335
69,5.09912e-06,0.0180251,0.0180302,1,0.177619410388788,1,1,2.44632,2.08229505961921,1.42272643727193,1.00115170022601,0.38045456988684,0.155208901620613,0.270556852363219,0.871528672036375,2418.70757618442,2417.72944665731,6.80128324657384,14.1382624030078,2418.64974333289,16.5251982566595,12.0979880454983,-0.499,-0.019,0.499,-0.48875,0.499,-0.48875,0.033,-0.001,0.499,-0.001,0.499,-0.003,0.499,-0.007,0.012,0.004,35,15,2,0,0.0015744712436571,0.0071302936412394,0.0,1.0011507272720337,8.659917831420898,0.3422334492206573,0.011918369680643,0.3681018650531769,15.547702247996208,0.37296146154403687,8.659917831420898,0.34223344922065735,0.011918369464960629,308.7731301983676,0.3955758160143023,0.005305999999999998,0.0016593704931438004,0.31273473297093873,4.158833202535927,0.8995382794914227,0.0767892147692394,-0.12603853845596313,1.2851477608941395
