mapping,pidl_saved_index,field,metric,FEM_projected_to_PIDL,PIDL_native,PIDL_over_FEM_projected,PIDL_minus_FEM
FEM_c1_mixed_to_PIDL_saved_j0,0,damage_alpha,crack_strip_mean,0.21625153528421673,0.19601646065711975,0.9064280648897948,-0.020235074627096977
FEM_c1_mixed_to_PIDL_saved_j0,0,damage_alpha,domain_mean,0.008654876544287829,0.00782331358641386,0.9039197204467584,-0.0008315629578739686
FEM_c1_mixed_to_PIDL_saved_j0,0,damage_alpha,max,1.000079870223999,0.9993865489959717,0.9993067341432719,-0.0006933212280273438
FEM_c1_mixed_to_PIDL_saved_j0,0,damage_alpha,p99,0.9866672110557566,0.933085024356842,0.9456937596602806,-0.05358218669891457
FEM_c1_mixed_to_PIDL_saved_j0,0,damage_alpha,p999,0.9998491406440735,0.9987998604774475,0.9989505615157602,-0.0010492801666259766
FEM_c1_mixed_to_PIDL_saved_j0,0,damage_alpha,right_band_mean,-3.970308575254807e-06,-2.113208029186353e-05,5.322528436094495,-1.7161771716608725e-05
FEM_c1_mixed_to_PIDL_saved_j0,0,damage_alpha,tip_2l0_integral,0.0001970158149315067,0.0004023523651994765,2.0422338447264035,0.00020533655026796978
FEM_c1_mixed_to_PIDL_saved_j0,0,damage_alpha,tip_2l0_mean,0.31573045411603595,0.3183167278766632,1.0081913978424037,0.0025862737606272557
FEM_c1_mixed_to_PIDL_saved_j0,0,damage_alpha,tip_4l0_integral,0.00036637857703005004,0.0007248965557664633,1.9785451475974478,0.00035851797873641324
FEM_c1_mixed_to_PIDL_saved_j0,0,damage_alpha,tip_4l0_mean,0.14631732458052654,0.14405733346939087,0.9845541796392547,-0.002259991111135673
FEM_c1_mixed_to_PIDL_saved_j0,0,damage_alpha,tip_l0_integral,9.41657408184582e-05,0.0001878621696960181,1.9950161073781272,9.36964288775599e-05
FEM_c1_mixed_to_PIDL_saved_j0,0,damage_alpha,tip_l0_mean,0.5605103179136093,0.5798214673995972,1.0344527992952384,0.01931114948598789
FEM_c1_mixed_to_PIDL_saved_j0,0,damage_alpha,top1_mean,0.9974781126446194,0.9702008962631226,0.9726538196320152,-0.027277216381496827
FEM_c1_mixed_to_PIDL_saved_j0,0,alpha_bar,crack_strip_mean,0.011913979947640532,0.007011450827121735,0.5885061799613232,-0.004902529120518797
FEM_c1_mixed_to_PIDL_saved_j0,0,alpha_bar,domain_mean,0.005233573519053479,0.004790312144905329,0.9153042615080496,-0.0004432613741481503
FEM_c1_mixed_to_PIDL_saved_j0,0,alpha_bar,max,0.237151637673378,0.43513134121894836,1.834823261133208,0.19797970354557037
FEM_c1_mixed_to_PIDL_saved_j0,0,alpha_bar,p99,0.08369031079113486,0.03523160517215729,0.42097591512217564,-0.04845870561897757
FEM_c1_mixed_to_PIDL_saved_j0,0,alpha_bar,p999,0.11918672919273376,0.11320821195840836,0.9498390695439112,-0.005978517234325409
FEM_c1_mixed_to_PIDL_saved_j0,0,alpha_bar,right_band_mean,0.008561723991086437,0.008584534749388695,1.0026642716263694,2.2810758302257636e-05
FEM_c1_mixed_to_PIDL_saved_j0,0,alpha_bar,tip_2l0_integral,3.519760559041192e-05,7.023466605460271e-05,1.9954387486441731,3.5037060464190793e-05
FEM_c1_mixed_to_PIDL_saved_j0,0,alpha_bar,tip_2l0_mean,0.05640641590484166,0.055565398186445236,0.9850900344419111,-0.0008410177183964251
FEM_c1_mixed_to_PIDL_saved_j0,0,alpha_bar,tip_4l0_integral,8.004831345588345e-05,0.00015681717195548117,1.9590315546361499,7.676885849959773e-05
FEM_c1_mixed_to_PIDL_saved_j0,0,alpha_bar,tip_4l0_mean,0.03196817662482374,0.031163984909653664,0.974843991741912,-0.0008041917151700786
FEM_c1_mixed_to_PIDL_saved_j0,0,alpha_bar,tip_l0_integral,1.5004824929240027e-05,2.91997585009085e-05,1.9460246046594445,1.4194933571668474e-05
FEM_c1_mixed_to_PIDL_saved_j0,0,alpha_bar,tip_l0_mean,0.08931442707534876,0.09012270718812943,1.0090498269904231,0.0008082801127806682
FEM_c1_mixed_to_PIDL_saved_j0,0,alpha_bar,top1_mean,0.09729691925976011,0.06425769627094269,0.6604288888057145,-0.033039222988817424
FEM_c1_mixed_to_PIDL_saved_j0,0,fatigue_f,crack_strip_mean,0.9999998335624969,0.9999998335624969,1.0,0.0
FEM_c1_mixed_to_PIDL_saved_j0,0,fatigue_f,domain_mean,1.0000000133914,1.0000000133914,1.0,0.0
FEM_c1_mixed_to_PIDL_saved_j0,0,fatigue_f,max,1.0,1.0,1.0,0.0
FEM_c1_mixed_to_PIDL_saved_j0,0,fatigue_f,p99,1.0,1.0,1.0,0.0
FEM_c1_mixed_to_PIDL_saved_j0,0,fatigue_f,p999,1.0,1.0,1.0,0.0
FEM_c1_mixed_to_PIDL_saved_j0,0,fatigue_f,right_band_mean,0.9999999239844396,0.9999999984902388,1.0000000745058049,7.450579919687783e-08
FEM_c1_mixed_to_PIDL_saved_j0,0,fatigue_f,tip_2l0_integral,0.0006239999984245514,0.0012639999968087068,2.0256410256410255,0.0006399999983841553
FEM_c1_mixed_to_PIDL_saved_j0,0,fatigue_f,tip_2l0_mean,0.999999938784014,0.9999999352416787,0.9999999964576645,-3.542335313966305e-09
FEM_c1_mixed_to_PIDL_saved_j0,0,fatigue_f,tip_4l0_integral,0.0025039999936780077,0.005031999987295421,2.009584664536741,0.0025279999936174136
FEM_c1_mixed_to_PIDL_saved_j0,0,fatigue_f,tip_4l0_mean,1.0000000076275515,0.9999999712619925,0.9999999636344412,-3.6365559008544324e-08
FEM_c1_mixed_to_PIDL_saved_j0,0,fatigue_f,tip_l0_integral,0.00016799999957584077,0.00032399999918197864,1.9285714285714286,0.00015599999960613786
FEM_c1_mixed_to_PIDL_saved_j0,0,fatigue_f,tip_l0_mean,0.9999999187951223,0.9999999284194034,1.000000009624282,9.624281149811509e-09
FEM_c1_mixed_to_PIDL_saved_j0,0,fatigue_f,top1_mean,1.0,1.0,1.0,0.0
FEM_c1_mixed_to_PIDL_saved_j0,0,psi_plus_active,crack_strip_mean,0.007401652461324736,0.0070114475674927235,0.947281381303578,-0.00039020489383201264
FEM_c1_mixed_to_PIDL_saved_j0,0,psi_plus_active,domain_mean,0.0050289291215434495,0.004790312144905329,0.9525511354662152,-0.00023861697663812072
FEM_c1_mixed_to_PIDL_saved_j0,0,psi_plus_active,max,0.24880101566345167,0.43511962890625,1.7488659672307283,0.18631861324279833
FEM_c1_mixed_to_PIDL_saved_j0,0,psi_plus_active,p99,0.03345344873086253,0.03523349016904831,1.0532095047212158,0.0017800414381857824
FEM_c1_mixed_to_PIDL_saved_j0,0,psi_plus_active,p999,0.10799535072018826,0.11320216953754425,1.0482133608774202,0.00520681881735599
FEM_c1_mixed_to_PIDL_saved_j0,0,psi_plus_active,right_band_mean,0.00856173698076315,0.008584532886743546,1.002662532851875,2.2795905980395673e-05
FEM_c1_mixed_to_PIDL_saved_j0,0,psi_plus_active,tip_2l0_integral,3.422669382320785e-05,7.023503712844104e-05,2.052054384546405,3.6008343305233184e-05
FEM_c1_mixed_to_PIDL_saved_j0,0,psi_plus_active,tip_2l0_mean,0.05485046765128387,0.055565688759088516,1.0130394714654345,0.0007152211078046491
FEM_c1_mixed_to_PIDL_saved_j0,0,psi_plus_active,tip_4l0_integral,7.601338357763526e-05,0.00015681747754570097,2.063024564424731,8.08040939680657e-05
FEM_c1_mixed_to_PIDL_saved_j0,0,psi_plus_active,tip_4l0_mean,0.030356782887119252,0.03116404451429844,1.0265924630479113,0.0008072616271791871
FEM_c1_mixed_to_PIDL_saved_j0,0,psi_plus_active,tip_l0_integral,1.4762812011518655e-05,2.9199913115007803e-05,1.9779370686441464,1.4437101103489148e-05
FEM_c1_mixed_to_PIDL_saved_j0,0,psi_plus_active,tip_l0_mean,0.08787387410701683,0.09012318402528763,1.0255970268880086,0.0022493099182707976
FEM_c1_mixed_to_PIDL_saved_j0,0,psi_plus_active,top1_mean,0.059610846585748424,0.06425782293081284,1.0779552147171718,0.004646976345064412
FEM_c1_mixed_to_PIDL_saved_j1,1,damage_alpha,crack_strip_mean,0.21625153528421673,0.1969757378101349,0.9108639971099031,-0.01927579747408184
FEM_c1_mixed_to_PIDL_saved_j1,1,damage_alpha,domain_mean,0.008654876544287829,0.007841242477297783,0.9059912567410289,-0.000813634066990046
FEM_c1_mixed_to_PIDL_saved_j1,1,damage_alpha,max,1.000079870223999,1.00009286403656,1.0000129927748251,1.2993812561035156e-05
FEM_c1_mixed_to_PIDL_saved_j1,1,damage_alpha,p99,0.9866672110557566,0.935278594493866,0.9479169714103465,-0.05138861656189064
FEM_c1_mixed_to_PIDL_saved_j1,1,damage_alpha,p999,0.9998491406440735,0.9992989897727966,0.9994497661207945,-0.0005501508712768555
FEM_c1_mixed_to_PIDL_saved_j1,1,damage_alpha,right_band_mean,-3.970308575254807e-06,-4.225086740916595e-05,10.641708725739123,-3.828055883391114e-05
FEM_c1_mixed_to_PIDL_saved_j1,1,damage_alpha,tip_2l0_integral,0.0001970158149315067,0.0004048722330480814,2.0550240252988665,0.0002078564181165747
FEM_c1_mixed_to_PIDL_saved_j1,1,damage_alpha,tip_2l0_mean,0.31573045411603595,0.3203102946281433,1.0145055393054487,0.004579840512107358
FEM_c1_mixed_to_PIDL_saved_j1,1,damage_alpha,tip_4l0_integral,0.00036637857703005004,0.000729017483536154,1.9897928788460812,0.000362638906506104
FEM_c1_mixed_to_PIDL_saved_j1,1,damage_alpha,tip_4l0_mean,0.14631732458052654,0.14487628638744354,0.9901512811472307,-0.0014410381930829996
FEM_c1_mixed_to_PIDL_saved_j1,1,damage_alpha,tip_l0_integral,9.41657408184582e-05,0.00018844814621843398,2.0012389280910825,9.428240539997577e-05
FEM_c1_mixed_to_PIDL_saved_j1,1,damage_alpha,tip_l0_mean,0.5605103179136093,0.5816300511360168,1.037679472700916,0.021119733222407566
FEM_c1_mixed_to_PIDL_saved_j1,1,damage_alpha,top1_mean,0.9974781126446194,0.9709118604660034,0.9733665813396339,-0.026566252178615968
FEM_c1_mixed_to_PIDL_saved_j1,1,alpha_bar,crack_strip_mean,0.011913979947640532,0.013942871242761612,1.170295006709566,0.00202889129512108
FEM_c1_mixed_to_PIDL_saved_j1,1,alpha_bar,domain_mean,0.005233573519053479,0.009575556963682175,1.8296402885755139,0.004341983444628696
FEM_c1_mixed_to_PIDL_saved_j1,1,alpha_bar,max,0.237151637673378,0.8572618961334229,3.6148259592206764,0.6201102584600449
FEM_c1_mixed_to_PIDL_saved_j1,1,alpha_bar,p99,0.08369031079113486,0.07060258835554123,0.8436172322473919,-0.013087722435593627
FEM_c1_mixed_to_PIDL_saved_j1,1,alpha_bar,p999,0.11918672919273376,0.22747796773910522,1.9085846996544096,0.10829123854637146
FEM_c1_mixed_to_PIDL_saved_j1,1,alpha_bar,right_band_mean,0.008561723991086437,0.017167598009109497,2.005156674868588,0.00860587401802306
FEM_c1_mixed_to_PIDL_saved_j1,1,alpha_bar,tip_2l0_integral,3.519760559041192e-05,0.00014033913612365723,3.987178496081751,0.00010514153053324531
FEM_c1_mixed_to_PIDL_saved_j1,1,alpha_bar,tip_2l0_mean,0.05640641590484166,0.111027792096138,1.9683539596531587,0.05462137619129634
FEM_c1_mixed_to_PIDL_saved_j1,1,alpha_bar,tip_4l0_integral,8.004831345588345e-05,0.0003135169972665608,3.9165971615298,0.00023346868381067735
FEM_c1_mixed_to_PIDL_saved_j1,1,alpha_bar,tip_4l0_mean,0.03196817662482374,0.062304649502038956,1.9489584981102273,0.030336472877215213
FEM_c1_mixed_to_PIDL_saved_j1,1,alpha_bar,tip_l0_integral,1.5004824929240027e-05,5.8242876548320055e-05,3.8816098703572126,4.323805161908003e-05
FEM_c1_mixed_to_PIDL_saved_j1,1,alpha_bar,tip_l0_mean,0.08931442707534876,0.17976194620132446,2.012686551184738,0.0904475191259757
FEM_c1_mixed_to_PIDL_saved_j1,1,alpha_bar,top1_mean,0.09729691925976011,0.1282937079668045,1.318579343959393,0.030996788707044393
FEM_c1_mixed_to_PIDL_saved_j1,1,fatigue_f,crack_strip_mean,0.9999998335624969,0.9999099875147904,0.9999101539373398,-8.984604770645443e-05
FEM_c1_mixed_to_PIDL_saved_j1,1,fatigue_f,domain_mean,1.0000000133914,0.9999964195489026,0.9999964061575507,-3.5938424973736005e-06
FEM_c1_mixed_to_PIDL_saved_j1,1,fatigue_f,max,1.0,1.0,1.0,0.0
FEM_c1_mixed_to_PIDL_saved_j1,1,fatigue_f,p99,1.0,1.0,1.0,0.0
FEM_c1_mixed_to_PIDL_saved_j1,1,fatigue_f,p999,1.0,1.0,1.0,0.0
FEM_c1_mixed_to_PIDL_saved_j1,1,fatigue_f,right_band_mean,0.9999999239844396,0.9999999984902388,1.0000000745058049,7.450579919687783e-08
FEM_c1_mixed_to_PIDL_saved_j1,1,fatigue_f,tip_2l0_integral,0.0006239999984245514,0.0012604061543113718,2.0198816626499863,0.0006364061558868203
FEM_c1_mixed_to_PIDL_saved_j1,1,fatigue_f,tip_2l0_mean,0.999999938784014,0.9971567055947821,0.9971567666367167,-0.002843233189231964
FEM_c1_mixed_to_PIDL_saved_j1,1,fatigue_f,tip_4l0_integral,0.0025039999936780077,0.005028406144798086,2.0081494239191655,0.002524406151120078
FEM_c1_mixed_to_PIDL_saved_j1,1,fatigue_f,tip_4l0_mean,1.0000000076275515,0.9992857736461083,0.9992857660240047,-0.000714233981443213
FEM_c1_mixed_to_PIDL_saved_j1,1,fatigue_f,tip_l0_integral,0.00016799999957584077,0.0003204061566846435,1.9071795088904244,0.00015240615710880275
FEM_c1_mixed_to_PIDL_saved_j1,1,fatigue_f,tip_l0_mean,0.9999999187951223,0.9889078227121216,0.988907903016267,-0.011092096083000658
FEM_c1_mixed_to_PIDL_saved_j1,1,fatigue_f,top1_mean,1.0,1.0,1.0,0.0
FEM_c1_mixed_to_PIDL_saved_j1,1,psi_plus_active,crack_strip_mean,0.007401652461324736,0.006931418087333441,0.9364690011523273,-0.00047023437399129533
FEM_c1_mixed_to_PIDL_saved_j1,1,psi_plus_active,domain_mean,0.0050289291215434495,0.004785244818776846,0.9515435002408995,-0.00024368430276660354
FEM_c1_mixed_to_PIDL_saved_j1,1,psi_plus_active,max,0.24880101566345167,0.4221639931201935,1.6967936887012012,0.1733629774567418
FEM_c1_mixed_to_PIDL_saved_j1,1,psi_plus_active,p99,0.03345344873086253,0.03529394790530205,1.0550167245609439,0.0018404991744395208
FEM_c1_mixed_to_PIDL_saved_j1,1,psi_plus_active,p999,0.10799535072018826,0.11257544904947281,1.0424101435732303,0.004580098329284549
FEM_c1_mixed_to_PIDL_saved_j1,1,psi_plus_active,right_band_mean,0.00856173698076315,0.008583063259720802,1.0024908822830658,2.1326278957652448e-05
FEM_c1_mixed_to_PIDL_saved_j1,1,psi_plus_active,tip_2l0_integral,3.422669382320785e-05,7.010441913735121e-05,2.0482381237131357,3.5877725314143363e-05
FEM_c1_mixed_to_PIDL_saved_j1,1,psi_plus_active,tip_2l0_mean,0.05485046765128387,0.05546235293149948,1.0111555161955177,0.0006118852802156141
FEM_c1_mixed_to_PIDL_saved_j1,1,psi_plus_active,tip_4l0_integral,7.601338357763526e-05,0.00015669949061702937,2.061472378176488,8.06861070393941e-05
FEM_c1_mixed_to_PIDL_saved_j1,1,psi_plus_active,tip_4l0_mean,0.030356782887119252,0.03114059753715992,1.0258200828775321,0.0007838146500406679
FEM_c1_mixed_to_PIDL_saved_j1,1,psi_plus_active,tip_l0_integral,1.4762812011518655e-05,2.9043010727036744e-05,1.9673088503989613,1.428019871551809e-05
FEM_c1_mixed_to_PIDL_saved_j1,1,psi_plus_active,tip_l0_mean,0.08787387410701683,0.08963891863822937,1.0200861126148026,0.0017650445312125396
FEM_c1_mixed_to_PIDL_saved_j1,1,psi_plus_active,top1_mean,0.059610846585748424,0.06411589682102203,1.0755743374453377,0.00450505023527361
