saved_index,fem_cycle,field,metric,FEM_nstep2_projected,PIDL_resstiff,PIDL_over_FEM
0,1,alpha_bar,max,0.2424047440290451,0.42620447278022766,1.7582348665963383
0,1,alpha_bar,p999,0.11238760501146317,0.11187652498483658,0.9954525231979588
0,1,alpha_bar,p99,0.03599074773490292,0.035191863775253296,0.9778030741252178
0,1,alpha_bar,domain_mean,0.004831751804360173,0.004787523299455643,0.9908462796320336
0,1,alpha_bar,tip_2l0_mean,0.056241058275375615,0.05581296980381012,0.992388328301551
0,1,alpha_bar,tip_2l0_integral,7.108870208417807e-05,7.054759771563113e-05,0.9923883211722418
0,1,alpha_bar,right_band_mean,0.00856146456690375,0.008581905625760555,1.0023875656667232
0,1,delta_alpha_bar,max,0.2424047440290451,0.42620447278022766,1.7582348665963383
0,1,delta_alpha_bar,p999,0.11238760501146317,0.11187652498483658,0.9954525231979588
0,1,delta_alpha_bar,p99,0.03599074773490292,0.035191863775253296,0.9778030741252178
0,1,delta_alpha_bar,domain_mean,0.004831751804360173,0.004787523299455643,0.9908462796320336
0,1,delta_alpha_bar,tip_2l0_mean,0.056241058275375615,0.05581296980381012,0.992388328301551
0,1,delta_alpha_bar,tip_2l0_integral,7.108870208417807e-05,7.054759771563113e-05,0.9923883211722418
0,1,delta_alpha_bar,right_band_mean,0.00856146456690375,0.008581905625760555,1.0023875656667232
0,1,psi_raw,max,685.90625,2789.979736328125,4.067581737778487
0,1,psi_raw,p999,651.2774658203125,2536.76953125,3.8950672553284607
0,1,psi_raw,p99,156.2744430541712,0.054723817855119705,0.00035017765404001574
0,1,psi_raw,domain_mean,0.9048060786237279,1.858420968055725,2.0539439466217013
0,1,psi_raw,tip_2l0_mean,2.8790208175156233,6.726137161254883,2.3362586058196793
0,1,psi_raw,tip_2l0_integral,0.0036390825398128247,0.008501837961375713,2.336258622430972
0,1,psi_raw,right_band_mean,0.008561442121806203,0.008581540547311306,1.0023475514077134
0,1,g_alpha,max,1.000005315816677,1.0002758502960205,1.0002705330412394
0,1,g_alpha,p999,1.0000050650857428,1.0002167224884033,1.000211656330603
0,1,g_alpha,p99,1.0000045129327986,1.000145673751831,1.000141160181986
0,1,g_alpha,domain_mean,0.9885646693074747,0.9894202351570129,1.0008654627017346
0,1,g_alpha,tip_2l0_mean,0.5569526599001612,0.552388072013855,0.9918043521201165
0,1,g_alpha,tip_2l0_integral,0.0007039882059254989,0.0006982185877859592,0.9918043823874086
0,1,g_alpha,right_band_mean,1.0000043109952526,1.0000426769256592,1.000038365765012
0,1,psi_active,max,0.25432828021337345,0.42620447278022766,1.6758044855359988
0,1,psi_active,p999,0.1080088495014654,0.11187652498483658,1.0358088758580721
0,1,psi_active,p99,0.033885238633461316,0.035191863775253296,1.0385603051501517
0,1,psi_active,domain_mean,0.0047911518129206635,0.004787523299455643,0.9992426636419168
0,1,psi_active,tip_2l0_mean,0.05526669625117313,0.05581296980381012,1.0098843171329497
0,1,psi_active,tip_2l0_integral,6.985710840893967e-05,7.054759771563113e-05,1.0098843098779493
0,1,psi_active,right_band_mean,0.008561478878424783,0.008581905625760555,1.0023858900577618
1,2,alpha_bar,max,0.48751550912857056,0.8450718522071838,1.7334255759734536
1,2,alpha_bar,p999,0.22638249397277832,0.22024156153202057,0.9728736425993426
1,2,alpha_bar,p99,0.07216600738465768,0.07047408074140549,0.9765550748258258
1,2,alpha_bar,domain_mean,0.009673479094925592,0.009572814218699932,0.9895937257694116
1,2,alpha_bar,tip_2l0_mean,0.11275953790459826,0.111575648188591,0.98950075764758
1,2,alpha_bar,tip_2l0_integral,0.00014252806478144166,0.00014103163266554475,0.9895007897694282
1,2,alpha_bar,right_band_mean,0.01712135508122586,0.017163753509521484,1.00247634770113
1,2,delta_alpha_bar,max,0.24511076509952545,0.4188673794269562,1.7088901797392624
1,2,delta_alpha_bar,p999,0.1125040277838707,0.1107076108455658,0.9840324211169047
1,2,delta_alpha_bar,p99,0.035971394926309165,0.03515366464853287,0.9772672069167322
1,2,delta_alpha_bar,domain_mean,0.0048417272905654195,0.004785291384905577,0.9883438487397228
1,2,delta_alpha_bar,tip_2l0_mean,0.056518479629222636,0.05576268211007118,0.9866274265672095
1,2,delta_alpha_bar,tip_2l0_integral,7.143936269726357e-05,7.048403494991362e-05,0.9866274318347671
1,2,delta_alpha_bar,right_band_mean,0.008559890514322111,0.008581847883760929,1.0025651460613987
1,2,psi_raw,max,663.7318725585938,2778.84521484375,4.186698469265442
1,2,psi_raw,p999,638.1360473632812,2539.01123046875,3.9787929877331143
1,2,psi_raw,p99,157.86733627316562,0.054791878908872604,0.00034707546350223786
1,2,psi_raw,domain_mean,0.8943307701759456,1.8598626852035522,2.0796138824985895
1,2,psi_raw,tip_2l0_mean,2.997225525052507,6.810303211212158,2.2722024600043573
1,2,psi_raw,tip_2l0_integral,0.0037884932994378096,0.008608223870396614,2.272202479986971
1,2,psi_raw,right_band_mean,0.008559840719614705,0.008581121452152729,1.0024861131456873
1,2,g_alpha,max,1.0000093391442924,1.0003013610839844,1.0002920192124825
1,2,g_alpha,p999,1.0000088883750615,1.000260353088379,1.0002514624782246
1,2,g_alpha,p99,1.0000076790427737,1.000190258026123,1.0001825775813282
1,2,g_alpha,domain_mean,0.988548077901483,0.9894267320632935,1.0008888330081787
1,2,g_alpha,tip_2l0_mean,0.5557448984461288,0.5506265759468079,0.9907901583736857
1,2,g_alpha,tip_2l0_integral,0.0007024615953525956,0.0006959920283406973,0.990790148451246
1,2,g_alpha,right_band_mean,1.000007417263074,1.0000848770141602,1.000077459176551
1,2,psi_active,max,0.2571633085059211,0.4188673794269562,1.628799154360358
1,2,psi_active,p999,0.10912325263361138,0.1107076108455658,1.014518978986761
1,2,psi_active,p99,0.03408058094268215,0.03515366464853287,1.0314866612061417
1,2,psi_active,domain_mean,0.004789459832938539,0.004785291384905577,0.9991296621793768
1,2,psi_active,tip_2l0_mean,0.05552929811295059,0.05576268211007118,1.0042028983807048
1,2,psi_active,tip_2l0_integral,7.01890371828835e-05,7.048403494991362e-05,1.004202903742097
1,2,psi_active,right_band_mean,0.008559903904960165,0.008581847883760929,1.00256357770419
2,3,alpha_bar,max,0.7322266101837158,1.2746434211730957,1.7407772449751415
2,3,alpha_bar,p999,0.3374171853065491,0.3316531777381897,0.9829172673492529
2,3,alpha_bar,p99,0.10780069455504102,0.1056051254272461,0.979633070669374
2,3,alpha_bar,domain_mean,0.014517772004083484,0.014357169158756733,0.9889375005144332
2,3,alpha_bar,tip_2l0_mean,0.16947403792065005,0.16729645431041718,0.9871509309806352
2,3,alpha_bar,tip_2l0_integral,0.00021421519726307688,0.00021146272774785757,0.9871509138922622
2,3,alpha_bar,right_band_mean,0.02568121079606649,0.025745075196027756,1.0024868142109191
2,3,delta_alpha_bar,max,0.24471110105514526,0.4295715093612671,1.7554230580837598
2,3,delta_alpha_bar,p999,0.11167380213737488,0.10985235869884491,0.9836896084518612
2,3,delta_alpha_bar,p99,0.03606931470334493,0.03508371114730835,0.9726747357374889
2,3,delta_alpha_bar,domain_mean,0.004844292909157893,0.004784354940056801,0.9876270964152926
2,3,delta_alpha_bar,tip_2l0_mean,0.0567145000160518,0.055720798671245575,0.982478883803525
2,3,delta_alpha_bar,tip_2l0_integral,7.168713248163523e-05,7.043109508231282e-05,0.9824789002455332
2,3,delta_alpha_bar,right_band_mean,0.008559855714840628,0.008581322617828846,1.0025078580414621
2,3,psi_raw,max,663.0670776367188,2783.668701171875,4.198170584932874
2,3,psi_raw,p999,638.0804443359375,2534.90283203125,3.9727010199621016
2,3,psi_raw,p99,158.39109268185703,0.05422219634056091,0.00034233109591251537
2,3,psi_raw,domain_mean,0.8952262156304751,1.8606245517730713,2.0783847917843885
2,3,psi_raw,tip_2l0_mean,3.038979519465806,6.852850914001465,2.2549842373422986
2,3,psi_raw,tip_2l0_integral,0.003841270351660723,0.00866200402379036,2.254984218969502
2,3,psi_raw,right_band_mean,0.008559780438886833,0.008580237627029419,1.0023899197285073
2,3,g_alpha,max,1.0000131258612277,1.0003340244293213,1.0003208943560788
2,3,g_alpha,p999,1.0000124634814251,1.0002923011779785,1.0002798342088448
2,3,g_alpha,p99,1.0000106767810095,1.0002367496490479,1.0002260704543335
2,3,g_alpha,domain_mean,0.988547794433114,0.9894328713417053,1.0008953304165722
2,3,g_alpha,tip_2l0_mean,0.5555037815491315,0.5487581491470337,0.9878567300058944
2,3,g_alpha,tip_2l0_integral,0.0007021568235758239,0.0006936303107067943,0.9878566830332757
2,3,g_alpha,right_band_mean,1.0000103301209624,1.0001271963119507,1.0001168649837588
2,3,psi_active,max,0.25645054631115255,0.4295715093612671,1.67506568241062
2,3,psi_active,p999,0.10808322185072357,0.10985235869884491,1.016368283789363
2,3,psi_active,p99,0.03412808018950954,0.03508371114730835,1.0280013101379362
2,3,psi_active,domain_mean,0.004788760633967184,0.004784354940056801,0.9990799928734936
2,3,psi_active,tip_2l0_mean,0.05568635026378802,0.055720798671245575,1.000618614926178
2,3,psi_active,tip_2l0_integral,7.038755111389623e-05,7.043109508231282e-05,1.0006186316717587
2,3,psi_active,right_band_mean,0.008559868413014354,0.008581322617828846,1.0025063708668551
3,4,alpha_bar,max,0.9556826949119568,1.7029584646224976,1.781928744434767
3,4,alpha_bar,p999,0.4451602101325989,0.438953161239624,0.9860565954645273
3,4,alpha_bar,p99,0.14390133470296684,0.14008772373199463,0.9734984322498186
3,4,alpha_bar,domain_mean,0.01936184329136368,0.019141044467687607,0.9885961878549776
3,4,alpha_bar,tip_2l0_mean,0.22567338884295654,0.22287258505821228,0.9875891269276179
3,4,alpha_bar,tip_2l0_integral,0.00028525118124969476,0.00028171096346341074,0.9875891213814638
3,4,alpha_bar,right_band_mean,0.034241069863258984,0.03432650491595268,1.002495104651662
3,4,delta_alpha_bar,max,0.22345608472824097,0.42831507325172424,1.916775163104756
3,4,delta_alpha_bar,p999,0.11192852258682251,0.1096118688583374,0.9793023826729412
3,4,delta_alpha_bar,p99,0.03600587055087038,0.03478571027517319,0.9661121851234424
3,4,delta_alpha_bar,domain_mean,0.004844071287280193,0.0047838748432695866,0.9875731713179629
3,4,delta_alpha_bar,tip_2l0_mean,0.0561993509223065,0.055576127022504807,0.9889104786874982
3,4,delta_alpha_bar,tip_2l0_integral,7.103598398661788e-05,7.024822843959555e-05,0.9889104718086156
3,4,delta_alpha_bar,right_band_mean,0.008559859067192496,0.008581428788602352,1.0025198687549106
3,4,psi_raw,max,662.9866943359375,2780.628662109375,4.194094219182658
3,4,psi_raw,p999,638.0891723632812,2541.029296875,3.9822479473579344
3,4,psi_raw,p99,158.57408187863436,0.05392424017190933,0.0003400570858305872
3,4,psi_raw,domain_mean,0.8955214606671066,1.860506534576416,2.077567781782088
3,4,psi_raw,tip_2l0_mean,3.0563902709335427,6.900477409362793,2.2577212978940393
3,4,psi_raw,tip_2l0_integral,0.0038632775428855287,0.00872220378369093,2.2577212449448325
3,4,psi_raw,right_band_mean,0.00855975969961872,0.008579980581998825,1.002362318930636
3,4,g_alpha,max,1.000016704695938,1.0003631114959717,1.00034640101351
3,4,g_alpha,p999,1.0000158115007527,1.000316858291626,1.000301042030947
3,4,g_alpha,p99,1.0000134941645746,1.0002810955047607,1.0002675977291784
3,4,g_alpha,domain_mean,0.9885486727444953,0.9894503951072693,1.0009121678958615
3,4,g_alpha,tip_2l0_mean,0.5551246083540412,0.5479599833488464,0.9870936634813613
3,4,g_alpha,tip_2l0_integral,0.0007016775486274028,0.000692621455527842,0.9870936541759445
3,4,g_alpha,right_band_mean,1.0000130616109206,1.0001699924468994,1.000156928786236
3,4,psi_active,max,0.23309581107668254,0.42831507325172424,1.8375065226325307
3,4,psi_active,p999,0.10652490821376476,0.1096118688583374,1.0289787684057705
3,4,psi_active,p99,0.03415310919805774,0.03478571027517319,1.0185225032791867
3,4,psi_active,domain_mean,0.0047876456957315515,0.0047838748432695866,0.9992123785464478
3,4,psi_active,tip_2l0_mean,0.055039112644091844,0.055576127022504807,1.0097569592352542
3,4,psi_active,tip_2l0_integral,6.956944271168647e-05,7.024822843959555e-05,1.009756952211363
3,4,psi_active,right_band_mean,0.008559870919209855,0.008581428788602352,1.002518480663548
19,20,alpha_bar,max,2.3945114612579346,2.472960948944092,1.032762210144087
19,20,alpha_bar,p999,1.1583194253444706,1.310044765472412,1.1309874778995614
19,20,alpha_bar,p99,0.677829414010042,0.6705507636070251,0.9892618256856746
19,20,alpha_bar,domain_mean,0.09255868067561585,0.09227801114320755,0.9969676584588328
19,20,alpha_bar,tip_2l0_mean,0.4711684432030364,0.4706607162952423,0.9989224089280204
19,20,alpha_bar,tip_2l0_integral,0.0005955569492722696,0.000594915181864053,0.9989224079930545
19,20,alpha_bar,right_band_mean,0.17089664378161334,0.1714443415403366,1.003204847951392
19,20,delta_alpha_bar,max,0.2915639281272888,0.4794183671474457,1.6442993144822249
19,20,delta_alpha_bar,p999,0.1082409462928785,0.10733436793088913,0.9916244416458042
19,20,delta_alpha_bar,p99,0.041770939528942015,0.034735362976789474,0.8315676728487812
19,20,delta_alpha_bar,domain_mean,0.004272547468768581,0.00431860564276576,1.0107800262803057
19,20,delta_alpha_bar,tip_2l0_mean,0.0032813145637630185,0.0012614612933248281,0.38443778211808555
19,20,delta_alpha_bar,tip_2l0_integral,4.1475818667152575e-06,1.5944871165629593e-06,0.38443776827140447
19,20,delta_alpha_bar,right_band_mean,0.008515205600063297,0.008552350103855133,1.004362138219136
19,20,psi_raw,max,842.2301635742188,2800.923583984375,3.325603504982463
19,20,psi_raw,p999,654.114823425293,2589.395751953125,3.9586257018204725
19,20,psi_raw,p99,401.088198852539,0.0575900599360466,0.0001435845285421118
19,20,psi_raw,domain_mean,1.1144562220934804,2.1189868450164795,1.901363914534042
19,20,psi_raw,tip_2l0_mean,48.94149887901553,45.22658157348633,0.9240947377865855
19,20,psi_raw,tip_2l0_integral,0.06186205843297202,0.05716640502214432,0.9240947758646687
19,20,psi_raw,right_band_mean,0.008514877528284918,0.008545160293579102,1.0035564534185712
19,20,g_alpha,max,1.0000573043462422,1.001109004020691,1.0010516394109399
19,20,g_alpha,p999,1.0000456019022517,1.0010724067687988,1.0010267580444272
19,20,g_alpha,p99,1.0000405014353315,1.0010082721710205,1.0009677315411725
19,20,g_alpha,domain_mean,0.987382501311347,0.9889588356018066,1.0015964778476083
19,20,g_alpha,tip_2l0_mean,0.41810288206861745,0.4121921956539154,0.9858630813893027
19,20,g_alpha,tip_2l0_integral,0.0005284820758240556,0.0005210109520703554,0.9858630517562008
19,20,g_alpha,right_band_mean,1.0000394367602232,1.0008488893508911,1.000809420669739
19,20,psi_active,max,0.3224991727161346,0.4794183671474457,1.4865723936893076
19,20,psi_active,p999,0.10472564843095324,0.10733436793088913,1.0249100343518602
19,20,psi_active,p99,0.03415577241922712,0.034735362976789474,1.016969036754563
19,20,psi_active,domain_mean,0.004197366516029803,0.00431860564276576,1.0288845699495013
19,20,psi_active,tip_2l0_mean,0.0009012618220446963,0.0012614612933248281,1.3996612998240021
19,20,psi_active,tip_2l0_integral,1.139195013960662e-06,1.5944871165629593e-06,1.3996612494109977
19,20,psi_active,right_band_mean,0.00851520999611085,0.008552350103855133,1.0043616197088794
39,40,alpha_bar,max,6.920406818389893,2.474531888961792,0.3575702923108671
39,40,alpha_bar,p999,2.6288248476982123,1.5282307863235474,0.5813361006769469
39,40,alpha_bar,p99,2.1244487714767444,0.9189164042472839,0.43254345154603463
39,40,alpha_bar,domain_mean,0.1685644438132181,0.16968463361263275,1.0066454690803945
39,40,alpha_bar,tip_2l0_mean,0.5867260319383277,0.4923270046710968,0.8391088478631651
39,40,alpha_bar,tip_2l0_integral,0.000741621750523811,0.0006223013624548912,0.8391088341399868
39,40,alpha_bar,right_band_mean,0.3398811550284007,0.3416195809841156,1.00511480536651
39,40,delta_alpha_bar,max,0.32408857345581055,0.4186673164367676,1.2918299215934956
39,40,delta_alpha_bar,p999,0.1535134221911446,0.10691068321466446,0.6964256394567665
39,40,delta_alpha_bar,p99,0.10299158096313477,0.03423266112804413,0.332383101685734
39,40,delta_alpha_bar,domain_mean,0.003321027827529084,0.0034263315610587597,1.0317081756005713
39,40,delta_alpha_bar,tip_2l0_mean,0.00796460246819498,0.0009475031984038651,0.11896428003626375
39,40,delta_alpha_bar,tip_2l0_integral,1.0067258146319811e-05,1.1976441101069213e-06,0.11896427932015752
39,40,delta_alpha_bar,right_band_mean,0.008370722328117239,0.008458225056529045,1.0104534262375284
39,40,psi_raw,max,1640.9962158203125,2776.083984375,1.691706511941755
39,40,psi_raw,p999,1249.4049399414068,2626.38134765625,2.1021057814765958
39,40,psi_raw,p99,490.35635375976057,0.07322632521390915,0.00014933287730943686
39,40,psi_raw,domain_mean,1.4467157402873174,2.6046886444091797,1.800414948061524
39,40,psi_raw,tip_2l0_mean,93.79736843100262,97.61981964111328,1.0407522223069878
39,40,psi_raw,tip_2l0_integral,0.11855988107519128,0.12339145690202713,1.0407521986612962
39,40,psi_raw,right_band_mean,0.008370327883069819,0.008444149047136307,1.0088193873761866
39,40,g_alpha,max,1.0000779981830776,1.002097725868225,1.0020195701623442
39,40,g_alpha,p999,1.000054475528796,1.0020242929458618,1.0019697101160658
39,40,g_alpha,p99,1.0000519595853203,1.0019221305847168,1.0018700738311357
39,40,g_alpha,domain_mean,0.9848756124301707,0.9876338243484497,1.0028005688063217
39,40,g_alpha,tip_2l0_mean,0.41489257236715404,0.4018254280090332,0.9685047522457036
39,40,g_alpha,tip_2l0_integral,0.0005244242441088726,0.0005079073598608375,0.96850472793053
39,40,g_alpha,right_band_mean,1.000048970867499,1.0016887187957764,1.001639667632331
39,40,psi_active,max,0.2979344434513358,0.4186673164367676,1.4052330156488004
39,40,psi_active,p999,0.10317979629706082,0.10691068321466446,1.0361590839631258
39,40,psi_active,p99,0.034360761370532344,0.03423266112804413,0.9962719032588703
39,40,psi_active,domain_mean,0.0031361779713216897,0.0034263315610587597,1.092518215608405
39,40,psi_active,tip_2l0_mean,0.0025970015877111218,0.0009475031984038651,0.3648450593512925
39,40,psi_active,tip_2l0_integral,3.282610211155391e-06,1.1976441101069213e-06,0.3648450571551054
39,40,psi_active,right_band_mean,0.008370723935258402,0.008458225056529045,1.0104532322350375
68,69,alpha_bar,max,18.459121704101562,2.7445032596588135,0.14868005659494585
68,69,alpha_bar,p999,8.433470001220847,1.6193705797195435,0.19201711507660785
68,69,alpha_bar,p99,5.670693426132202,1.0364311933517456,0.18276974533230267
68,69,alpha_bar,domain_mean,0.23574995771802848,0.24405893683433533,1.0352448806215477
68,69,alpha_bar,tip_2l0_mean,1.0786265809304356,0.5135931372642517,0.476154719663241
68,69,alpha_bar,tip_2l0_integral,0.0013633840831443213,0.0006491817766800523,0.4761547275679417
68,69,alpha_bar,right_band_mean,0.584365829154561,0.5829592943191528,0.9975930576956508
68,69,delta_alpha_bar,max,0.5624628067016602,0.3516468405723572,0.6251912773298745
68,69,delta_alpha_bar,p999,0.2731819796562197,0.09961391240358353,0.3646430578215321
68,69,delta_alpha_bar,p99,0.12568044662475586,0.03326629102230072,0.2646894717172982
68,69,delta_alpha_bar,domain_mean,0.001195043674875665,0.0016847564838826656,1.4097865369296663
68,69,delta_alpha_bar,tip_2l0_mean,0.028948476696991323,0.0005407887510955334,0.018681077997853294
68,69,delta_alpha_bar,tip_2l0_integral,3.659087682217771e-05,6.835570047769579e-07,0.01868107747455383
68,69,delta_alpha_bar,right_band_mean,0.010090511349588813,0.00822052825242281,0.8146790551658014
68,69,psi_raw,max,2216.02978515625,2660.416259765625,1.2005327173786349
68,69,psi_raw,p999,2171.030036865241,2584.898681640625,1.190632390039601
68,69,psi_raw,p99,500.73057983398337,0.44702231884002686,0.0008927402017033523
68,69,psi_raw,domain_mean,2.5315790875767505,3.554141044616699,1.4039225802022064
68,69,psi_raw,tip_2l0_mean,93.69374156176028,143.02362060546875,1.5265013246502874
68,69,psi_raw,tip_2l0_integral,0.11842889670431733,0.18078187108039856,1.5265013532276548
68,69,psi_raw,right_band_mean,0.043624748649762644,0.008197270333766937,0.1879041275304067
68,69,g_alpha,max,1.0000820059315563,1.0035405158996582,1.0034582263730267
68,69,g_alpha,p999,1.000057839294019,1.0034230947494507,1.0033650608226894
68,69,g_alpha,p99,1.000056432597559,1.0032243728637695,1.0031677615012007
68,69,g_alpha,domain_mean,0.9796414867973734,0.9842889308929443,1.004744025399296
68,69,g_alpha,tip_2l0_mean,0.40576307249798227,0.3911082148551941,0.9638832150186337
68,69,g_alpha,tip_2l0_integral,0.0005128845555560835,0.000494360807351768,0.963883201387822
68,69,g_alpha,right_band_mean,0.9941050613275884,1.002828598022461,1.0087752663518508
68,69,psi_active,max,0.3319188272720554,0.3516468405723572,1.0594362587456716
68,69,psi_active,p999,0.1465283987958004,0.09961391240358353,0.6798266631057905
68,69,psi_active,p99,0.04365398870732709,0.03326629102230072,0.7620447067352897
68,69,psi_active,domain_mean,0.0009419260876235448,0.0016847564838826656,1.7886291780422632
68,69,psi_active,tip_2l0_mean,0.012902411666071674,0.0005407887510955334,0.04191377279625928
68,69,psi_active,tip_2l0_integral,1.6308649360859972e-05,6.835570047769579e-07,0.04191377162215923
68,69,psi_active,right_band_mean,0.01009850968688296,0.00822052825242281,0.8140338037305171
