mode,mode_label,saved_index,fem_cycle,field,metric,FEM_nstep2_projected,PIDL,PIDL_over_FEM
current_active,current active,0,1,alpha_bar,max,0.2424047440290451,0.43513134121894836,1.7950611608773244
current_active,current active,0,1,alpha_bar,p999,0.11238760501146317,0.11320821195840836,1.0073015787360313
current_active,current active,0,1,alpha_bar,p99,0.03599074773490292,0.03523160517215729,0.9789072856074775
current_active,current active,0,1,alpha_bar,domain_mean,0.004831751804360173,0.004790312144905329,0.9914234710033225
current_active,current active,0,1,alpha_bar,tip_2l0_mean,0.056241058275375615,0.055565398186445236,0.987986355348754
current_active,current active,0,1,alpha_bar,tip_2l0_integral,7.108870208417807e-05,7.023466605460271e-05,0.9879863325038053
current_active,current active,0,1,alpha_bar,right_band_mean,0.00856146456690375,0.008584534749388695,1.0026946537364796
current_active,current active,0,1,delta_alpha_bar,max,0.2424047440290451,0.43513134121894836,1.7950611608773244
current_active,current active,0,1,delta_alpha_bar,p999,0.11238760501146317,0.11320821195840836,1.0073015787360313
current_active,current active,0,1,delta_alpha_bar,p99,0.03599074773490292,0.03523160517215729,0.9789072856074775
current_active,current active,0,1,delta_alpha_bar,domain_mean,0.004831751804360173,0.004790312144905329,0.9914234710033225
current_active,current active,0,1,delta_alpha_bar,tip_2l0_mean,0.056241058275375615,0.055565398186445236,0.987986355348754
current_active,current active,0,1,delta_alpha_bar,tip_2l0_integral,7.108870208417807e-05,7.023466605460271e-05,0.9879863325038053
current_active,current active,0,1,delta_alpha_bar,right_band_mean,0.00856146456690375,0.008584534749388695,1.0026946537364796
current_active,current active,0,1,psi_raw,max,685.90625,2795.06884765625,4.075001281379562
current_active,current active,0,1,psi_raw,p999,651.2774658203125,2548.803466796875,3.913544688033303
current_active,current active,0,1,psi_raw,p99,156.2744430541712,0.05773429572582245,0.00036944169883113486
current_active,current active,0,1,psi_raw,domain_mean,0.9048060786237279,1.852667212486267,2.0475848430464803
current_active,current active,0,1,psi_raw,tip_2l0_mean,2.8790208175156233,6.587906360626221,2.2882454758736634
current_active,current active,0,1,psi_raw,tip_2l0_integral,0.0036390825398128247,0.008327114395797253,2.2882455412032385
current_active,current active,0,1,psi_raw,right_band_mean,0.008561442121806203,0.008584177121520042,1.002655510530864
current_active,current active,0,1,g_alpha,max,1.000005315816677,1.0002338886260986,1.0002285715943768
current_active,current active,0,1,g_alpha,p999,1.0000050650857428,1.0001966953277588,1.0001916292713973
current_active,current active,0,1,g_alpha,p99,1.0000045129327986,1.000152587890625,1.0001480742895772
current_active,current active,0,1,g_alpha,domain_mean,0.9885646693074747,0.989414632320404,1.0008597950536962
current_active,current active,0,1,g_alpha,tip_2l0_mean,0.5569526599001612,0.5491182208061218,0.9859333841848538
current_active,current active,0,1,g_alpha,tip_2l0_integral,0.0007039882059254989,0.0006940854946151376,0.9859334130500912
current_active,current active,0,1,g_alpha,right_band_mean,1.0000043109952526,1.000042200088501,1.0000378889299095
current_active,current active,0,1,psi_active,max,0.25432828021337345,0.43513134121894836,1.7109042724383101
current_active,current active,0,1,psi_active,p999,0.1080088495014654,0.11320821195840836,1.0481383005276101
current_active,current active,0,1,psi_active,p99,0.033885238633461316,0.03523160517215729,1.0397331284356501
current_active,current active,0,1,psi_active,domain_mean,0.0047911518129206635,0.004790312144905329,0.9998247461052955
current_active,current active,0,1,psi_active,tip_2l0_mean,0.05526669625117313,0.055565398186445236,1.005404736587014
current_active,current active,0,1,psi_active,tip_2l0_integral,6.985710840893967e-05,7.023466605460271e-05,1.0054047133393047
current_active,current active,0,1,psi_active,right_band_mean,0.008561478878424783,0.008584534749388695,1.0026929776141844
current_active,current active,0,1,history_driver,max,0.2424047440290451,0.43513134121894836,1.7950611608773244
current_active,current active,0,1,history_driver,p999,0.11238760501146317,0.11320821195840836,1.0073015787360313
current_active,current active,0,1,history_driver,p99,0.03599074773490292,0.03523160517215729,0.9789072856074775
current_active,current active,0,1,history_driver,domain_mean,0.004831751804360173,0.004790312144905329,0.9914234710033225
current_active,current active,0,1,history_driver,tip_2l0_mean,0.056241058275375615,0.055565398186445236,0.987986355348754
current_active,current active,0,1,history_driver,tip_2l0_integral,7.108870208417807e-05,7.023466605460271e-05,0.9879863325038053
current_active,current active,0,1,history_driver,right_band_mean,0.00856146456690375,0.008584534749388695,1.0026946537364796
current_active,current active,1,2,alpha_bar,max,0.48751550912857056,0.8572618961334229,1.7584299988030545
current_active,current active,1,2,alpha_bar,p999,0.22638249397277832,0.22747796773910522,1.0048390392167807
current_active,current active,1,2,alpha_bar,p99,0.07216600738465768,0.07060258835554123,0.9783357970632468
current_active,current active,1,2,alpha_bar,domain_mean,0.009673479094925592,0.009575556963682175,0.9898772581940262
current_active,current active,1,2,alpha_bar,tip_2l0_mean,0.11275953790459826,0.111027792096138,0.9846421345755653
current_active,current active,1,2,alpha_bar,tip_2l0_integral,0.00014252806478144166,0.00014033913612365723,0.9846421218084942
current_active,current active,1,2,alpha_bar,right_band_mean,0.01712135508122586,0.017167598009109497,1.0027008918198503
current_active,current active,1,2,delta_alpha_bar,max,0.24511076509952545,0.4221305847167969,1.7222033660797957
current_active,current active,1,2,delta_alpha_bar,p999,0.1125040277838707,0.11258810013532639,1.0007472830360988
current_active,current active,1,2,delta_alpha_bar,p99,0.035971394926309165,0.03529271110892296,0.9811326800426685
current_active,current active,1,2,delta_alpha_bar,domain_mean,0.0048417272905654195,0.0047852457500994205,0.9883344234244545
current_active,current active,1,2,delta_alpha_bar,tip_2l0_mean,0.056518479629222636,0.05546240136027336,0.9813144607590747
current_active,current active,1,2,delta_alpha_bar,tip_2l0_integral,7.143936269726357e-05,7.010447734501213e-05,0.981314428042867
current_active,current active,1,2,delta_alpha_bar,right_band_mean,0.008559890514322111,0.008583064191043377,1.0027072398510812
current_active,current active,1,2,psi_raw,max,663.7318725585938,2803.95556640625,4.224530540619351
current_active,current active,1,2,psi_raw,p999,638.1360473632812,2545.71875,3.9893040998368186
current_active,current active,1,2,psi_raw,p99,157.86733627316562,0.05769124999642372,0.00036544133421366985
current_active,current active,1,2,psi_raw,domain_mean,0.8943307701759456,1.8586064577102661,2.0782092260390574
current_active,current active,1,2,psi_raw,tip_2l0_mean,2.997225525052507,6.683325290679932,2.229837306140935
current_active,current active,1,2,psi_raw,tip_2l0_integral,0.0037884932994378096,0.008447723463177681,2.229837245437724
current_active,current active,1,2,psi_raw,right_band_mean,0.008559840719614705,0.008582347072660923,1.0026292957758718
current_active,current active,1,2,g_alpha,max,1.0000093391442924,1.0002970695495605,1.0002877277181375
current_active,current active,1,2,g_alpha,p999,1.0000088883750615,1.0002667903900146,1.0002578997226437
current_active,current active,1,2,g_alpha,p99,1.0000076790427737,1.000206470489502,1.000198789920212
current_active,current active,1,2,g_alpha,domain_mean,0.988548077901483,0.9894076585769653,1.0008695385633717
current_active,current active,1,2,g_alpha,tip_2l0_mean,0.5557448984461288,0.5462381839752197,0.9828937440586679
current_active,current active,1,2,g_alpha,tip_2l0_integral,0.0007024615953525956,0.0006904450710862875,0.9828936922020961
current_active,current active,1,2,g_alpha,right_band_mean,1.000007417263074,1.0000845193862915,1.000077101551335
current_active,current active,1,2,psi_active,max,0.2571633085059211,0.4221305847167969,1.6414883879403714
current_active,current active,1,2,psi_active,p999,0.10912325263361138,0.11258810013532639,1.031751688279935
current_active,current active,1,2,psi_active,p99,0.03408058094268215,0.03529271110892296,1.0355665934298306
current_active,current active,1,2,psi_active,domain_mean,0.004789459832938539,0.0047852457500994205,0.9991201340054808
current_active,current active,1,2,psi_active,tip_2l0_mean,0.05552929811295059,0.05546240136027336,0.9987952890645014
current_active,current active,1,2,psi_active,tip_2l0_integral,7.01890371828835e-05,7.010447734501213e-05,0.9987952557654974
current_active,current active,1,2,psi_active,right_band_mean,0.008559903904960165,0.008583064191043377,1.002705671271589
current_active,current active,1,2,history_driver,max,0.24511076509952545,0.4221305847167969,1.7222033660797957
current_active,current active,1,2,history_driver,p999,0.1125040277838707,0.11258810013532639,1.0007472830360988
current_active,current active,1,2,history_driver,p99,0.035971394926309165,0.03529271110892296,0.9811326800426685
current_active,current active,1,2,history_driver,domain_mean,0.0048417272905654195,0.0047852457500994205,0.9883344234244545
current_active,current active,1,2,history_driver,tip_2l0_mean,0.056518479629222636,0.05546240136027336,0.9813144607590747
current_active,current active,1,2,history_driver,tip_2l0_integral,7.143936269726357e-05,7.010447734501213e-05,0.981314428042867
current_active,current active,1,2,history_driver,right_band_mean,0.008559890514322111,0.008583064191043377,1.0027072398510812
current_active,current active,2,3,alpha_bar,max,0.7322266101837158,1.2687549591064453,1.7327353874616964
current_active,current active,2,3,alpha_bar,p999,0.3374171853065491,0.34124135971069336,1.0113336681433993
current_active,current active,2,3,alpha_bar,p99,0.10780069455504102,0.10595469176769257,0.982875780207465
current_active,current active,2,3,alpha_bar,domain_mean,0.014517772004083484,0.014359500259160995,0.9890980692575989
current_active,current active,2,3,alpha_bar,tip_2l0_mean,0.16947403792065005,0.1664877086877823,0.982378839440493
current_active,current active,2,3,alpha_bar,tip_2l0_integral,0.00021421519726307688,0.00021044047025498003,0.9823788085237429
current_active,current active,2,3,alpha_bar,right_band_mean,0.02568121079606649,0.025750286877155304,1.002689751726947
current_active,current active,2,3,delta_alpha_bar,max,0.24471110105514526,0.41149312257766724,1.681546610690693
current_active,current active,2,3,delta_alpha_bar,p999,0.11167380213737488,0.11390721052885056,1.0199993942064252
current_active,current active,2,3,delta_alpha_bar,p99,0.03606931470334493,0.03512181341648102,0.9737310981742594
current_active,current active,2,3,delta_alpha_bar,domain_mean,0.004844292909157893,0.0047839428298175335,0.9875420251268723
current_active,current active,2,3,delta_alpha_bar,tip_2l0_mean,0.0567145000160518,0.05545990541577339,0.977878768217593
current_active,current active,2,3,delta_alpha_bar,tip_2l0_integral,7.168713248163523e-05,7.010132685536519e-05,0.9778787967746332
current_active,current active,2,3,delta_alpha_bar,right_band_mean,0.008559855714840628,0.008582688868045807,1.0026674694020359
current_active,current active,2,3,psi_raw,max,663.0670776367188,2799.08544921875,4.221421246241263
current_active,current active,2,3,psi_raw,p999,638.0804443359375,2549.65234375,3.9958164623011942
current_active,current active,2,3,psi_raw,p99,158.39109268185703,0.056430794298648834,0.00035627504895111267
current_active,current active,2,3,psi_raw,domain_mean,0.8952262156304751,1.8575568199157715,2.074958024556466
current_active,current active,2,3,psi_raw,tip_2l0_mean,3.038979519465806,6.711170673370361,2.2083632450902653
current_active,current active,2,3,psi_raw,tip_2l0_integral,0.003841270351660723,0.00848292000591755,2.2083631791889027
current_active,current active,2,3,psi_raw,right_band_mean,0.008559780438886833,0.008581610396504402,1.002550294107825
current_active,current active,2,3,g_alpha,max,1.0000131258612277,1.0003390312194824,1.0003259010805223
current_active,current active,2,3,g_alpha,p999,1.0000124634814251,1.0003066062927246,1.0002941391453017
current_active,current active,2,3,g_alpha,p99,1.0000106767810095,1.0002496242523193,1.0002389449201472
current_active,current active,2,3,g_alpha,domain_mean,0.988547794433114,0.9894108772277832,1.0008730815035243
current_active,current active,2,3,g_alpha,tip_2l0_mean,0.5555037815491315,0.54470294713974,0.9805566860782275
current_active,current active,2,3,g_alpha,tip_2l0_integral,0.0007021568235758239,0.0006885045440867543,0.9805566519747775
current_active,current active,2,3,g_alpha,right_band_mean,1.0000103301209624,1.0001271963119507,1.0001168649837588
current_active,current active,2,3,psi_active,max,0.25645054631115255,0.41149312257766724,1.6045710508192907
current_active,current active,2,3,psi_active,p999,0.10808322185072357,0.11390721052885056,1.053884299324188
current_active,current active,2,3,psi_active,p99,0.03412808018950954,0.03512181341648102,1.0291177593774214
current_active,current active,2,3,psi_active,domain_mean,0.004788760633967184,0.0047839428298175335,0.998993935066314
current_active,current active,2,3,psi_active,tip_2l0_mean,0.05568635026378802,0.05545990541577339,0.995933566359764
current_active,current active,2,3,psi_active,tip_2l0_integral,7.038755111389623e-05,7.010132685536519e-05,0.9959335954440595
current_active,current active,2,3,psi_active,right_band_mean,0.008559868413014354,0.008582688868045807,1.0026659819906527
current_active,current active,2,3,history_driver,max,0.24471110105514526,0.41149312257766724,1.681546610690693
current_active,current active,2,3,history_driver,p999,0.11167380213737488,0.11390721052885056,1.0199993942064252
current_active,current active,2,3,history_driver,p99,0.03606931470334493,0.03512181341648102,0.9737310981742594
current_active,current active,2,3,history_driver,domain_mean,0.004844292909157893,0.0047839428298175335,0.9875420251268723
current_active,current active,2,3,history_driver,tip_2l0_mean,0.0567145000160518,0.05545990541577339,0.977878768217593
current_active,current active,2,3,history_driver,tip_2l0_integral,7.168713248163523e-05,7.010132685536519e-05,0.9778787967746332
current_active,current active,2,3,history_driver,right_band_mean,0.008559855714840628,0.008582688868045807,1.0026674694020359
current_active,current active,19,20,alpha_bar,max,2.3945114612579346,3.013373851776123,1.2584503772611197
current_active,current active,19,20,alpha_bar,p999,1.1583194253444706,1.33352530002594,1.151258686376053
current_active,current active,19,20,alpha_bar,p99,0.677829414010042,0.670995831489563,0.9899184331939042
current_active,current active,19,20,alpha_bar,domain_mean,0.09255868067561585,0.09235977381467819,0.9978510188403101
current_active,current active,19,20,alpha_bar,tip_2l0_mean,0.4711684432030364,0.4672994613647461,0.9917885378486117
current_active,current active,19,20,alpha_bar,tip_2l0_integral,0.0005955569492722696,0.0005906665464863181,0.9917885220012507
current_active,current active,19,20,alpha_bar,right_band_mean,0.17089664378161334,0.17145834863185883,1.0032868103071895
current_active,current active,19,20,delta_alpha_bar,max,0.2915639281272888,0.48578378558158875,1.6661312964939505
current_active,current active,19,20,delta_alpha_bar,p999,0.1082409462928785,0.10465746372938156,0.9668934660474905
current_active,current active,19,20,delta_alpha_bar,p99,0.041770939528942015,0.03507796302437782,0.8397695483979526
current_active,current active,19,20,delta_alpha_bar,domain_mean,0.004272547468768581,0.004332422744482756,1.0140139521332063
current_active,current active,19,20,delta_alpha_bar,tip_2l0_mean,0.0032813145637630185,0.0011348869884386659,0.3458635148765424
current_active,current active,19,20,delta_alpha_bar,tip_2l0_integral,4.1475818667152575e-06,1.4344972214530571e-06,0.345863509763372
current_active,current active,19,20,delta_alpha_bar,right_band_mean,0.008515205600063297,0.008552731946110725,1.004406980619135
current_active,current active,19,20,psi_raw,max,842.2301635742188,2809.178955078125,3.3354053043608136
current_active,current active,19,20,psi_raw,p999,654.114823425293,2586.77587890625,3.954620482930682
current_active,current active,19,20,psi_raw,p99,401.088198852539,0.05988895148038864,0.00014931616450377527
current_active,current active,19,20,psi_raw,domain_mean,1.1144562220934804,2.1065001487731934,1.8901596195642223
current_active,current active,19,20,psi_raw,tip_2l0_mean,48.94149887901553,44.0135612487793,0.899309630005035
current_active,current active,19,20,psi_raw,tip_2l0_integral,0.06186205843297202,0.055633142590522766,0.8993095929842307
current_active,current active,19,20,psi_raw,right_band_mean,0.008514877528284918,0.00854555144906044,1.0036023913055272
current_active,current active,19,20,g_alpha,max,1.0000573043462422,1.0010937452316284,1.0010363814962222
current_active,current active,19,20,g_alpha,p999,1.0000456019022517,1.0010437965393066,1.0009981491195563
current_active,current active,19,20,g_alpha,p99,1.0000405014353315,1.0009515285491943,1.0009109902174513
current_active,current active,19,20,g_alpha,domain_mean,0.987382501311347,0.988926112651825,1.0015633367397416
current_active,current active,19,20,g_alpha,tip_2l0_mean,0.41810288206861745,0.41312140226364136,0.9880855167026604
current_active,current active,19,20,g_alpha,tip_2l0_integral,0.0005284820758240556,0.0005221854662522674,0.9880854813061162
current_active,current active,19,20,g_alpha,right_band_mean,1.0000394367602232,1.0008503198623657,1.000810851124801
current_active,current active,19,20,psi_active,max,0.3224991727161346,0.48578378558158875,1.506310175899825
current_active,current active,19,20,psi_active,p999,0.10472564843095324,0.10465746372938156,0.9993489207028722
current_active,current active,19,20,psi_active,p99,0.03415577241922712,0.03507796302437782,1.0269995535112413
current_active,current active,19,20,psi_active,domain_mean,0.004197366516029803,0.004332422744482756,1.032176420128471
current_active,current active,19,20,psi_active,tip_2l0_mean,0.0009012618220446963,0.0011348869884386659,1.2592200853065574
current_active,current active,19,20,psi_active,tip_2l0_integral,1.139195013960662e-06,1.4344972214530571e-06,1.2592200666905238
current_active,current active,19,20,psi_active,right_band_mean,0.00851520999611085,0.008552731946110725,1.0044064620857283
current_active,current active,19,20,history_driver,max,0.2915639281272888,0.48578378558158875,1.6661312964939505
current_active,current active,19,20,history_driver,p999,0.1082409462928785,0.10465746372938156,0.9668934660474905
current_active,current active,19,20,history_driver,p99,0.041770939528942015,0.03507796302437782,0.8397695483979526
current_active,current active,19,20,history_driver,domain_mean,0.004272547468768581,0.004332422744482756,1.0140139521332063
current_active,current active,19,20,history_driver,tip_2l0_mean,0.0032813145637630185,0.0011348869884386659,0.3458635148765424
current_active,current active,19,20,history_driver,tip_2l0_integral,4.1475818667152575e-06,1.4344972214530571e-06,0.345863509763372
current_active,current active,19,20,history_driver,right_band_mean,0.008515205600063297,0.008552731946110725,1.004406980619135
current_active,current active,39,40,alpha_bar,max,6.920406818389893,6.213339328765869,0.897828623637399
current_active,current active,39,40,alpha_bar,p999,2.6288248476982123,1.500925898551941,0.5709493730121066
current_active,current active,39,40,alpha_bar,p99,2.1244487714767444,0.9285262823104858,0.4370669205005352
current_active,current active,39,40,alpha_bar,domain_mean,0.1685644438132181,0.1702978014945984,1.0102830563917795
current_active,current active,39,40,alpha_bar,tip_2l0_mean,0.5867260319383277,0.48679062724113464,0.8296727957219775
current_active,current active,39,40,alpha_bar,tip_2l0_integral,0.000741621750523811,0.0006153034046292305,0.8296728139306038
current_active,current active,39,40,alpha_bar,right_band_mean,0.3398811550284007,0.3417038023471832,1.005362601873676
current_active,current active,39,40,delta_alpha_bar,max,0.32408857345581055,0.37239983677864075,1.1490680859484774
current_active,current active,39,40,delta_alpha_bar,p999,0.1535134221911446,0.10729674994945526,0.6989405122886033
current_active,current active,39,40,delta_alpha_bar,p99,0.10299158096313477,0.034472476691007614,0.3347115984494581
current_active,current active,39,40,delta_alpha_bar,domain_mean,0.003321027827529084,0.003461943008005619,1.0424311953391185
current_active,current active,39,40,delta_alpha_bar,tip_2l0_mean,0.00796460246819498,0.0007913481094874442,0.09935814281347147
current_active,current active,39,40,delta_alpha_bar,tip_2l0_integral,1.0067258146319811e-05,1.00026409199927e-06,0.09935814473625341
current_active,current active,39,40,delta_alpha_bar,right_band_mean,0.008370722328117239,0.008463487029075623,1.0110820425433045
current_active,current active,39,40,psi_raw,max,1640.9962158203125,2786.892578125,1.6982931168624718
current_active,current active,39,40,psi_raw,p999,1249.4049399414068,2620.629638671875,2.0975022227739664
current_active,current active,39,40,psi_raw,p99,490.35635375976057,0.07597175985574722,0.0001549317333674602
current_active,current active,39,40,psi_raw,domain_mean,1.4467157402873174,2.58138108253479,1.7843042766799013
current_active,current active,39,40,psi_raw,tip_2l0_mean,93.79736843100262,96.17687225341797,1.0253685563062007
current_active,current active,39,40,psi_raw,tip_2l0_integral,0.11855988107519128,0.12156757712364197,1.0253685818606988
current_active,current active,39,40,psi_raw,right_band_mean,0.008370327883069819,0.00844942033290863,1.0094491459526678
current_active,current active,39,40,g_alpha,max,1.0000779981830776,1.0020884275436401,1.0020102725629552
current_active,current active,39,40,g_alpha,p999,1.000054475528796,1.002015233039856,1.001960650703576
current_active,current active,39,40,g_alpha,p99,1.0000519595853203,1.0018640756607056,1.0018120219234774
current_active,current active,39,40,g_alpha,domain_mean,0.9848756124301707,0.987626850605011,1.0027934879695635
current_active,current active,39,40,g_alpha,tip_2l0_mean,0.41489257236715404,0.4045681357383728,0.9751153977766448
current_active,current active,39,40,g_alpha,tip_2l0_integral,0.0005244242441088726,0.0005113741499371827,0.9751153873637836
current_active,current active,39,40,g_alpha,right_band_mean,1.000048970867499,1.0016884803771973,1.0016394292254267
current_active,current active,39,40,psi_active,max,0.2979344434513358,0.37239983677864075,1.249938853879001
current_active,current active,39,40,psi_active,p999,0.10317979629706082,0.10729674994945526,1.0399007732147627
current_active,current active,39,40,psi_active,p99,0.034360761370532344,0.034472476691007614,1.0032512469462065
current_active,current active,39,40,psi_active,domain_mean,0.0031361779713216897,0.003461943008005619,1.1038732621881917
current_active,current active,39,40,psi_active,tip_2l0_mean,0.0025970015877111218,0.0007913481094874442,0.30471606687961333
current_active,current active,39,40,psi_active,tip_2l0_integral,3.282610211155391e-06,1.00026409199927e-06,0.3047160727764884
current_active,current active,39,40,psi_active,right_band_mean,0.008370723935258402,0.008463487029075623,1.011081848420122
current_active,current active,39,40,history_driver,max,0.32408857345581055,0.37239983677864075,1.1490680859484774
current_active,current active,39,40,history_driver,p999,0.1535134221911446,0.10729674994945526,0.6989405122886033
current_active,current active,39,40,history_driver,p99,0.10299158096313477,0.034472476691007614,0.3347115984494581
current_active,current active,39,40,history_driver,domain_mean,0.003321027827529084,0.003461943008005619,1.0424311953391185
current_active,current active,39,40,history_driver,tip_2l0_mean,0.00796460246819498,0.0007913481094874442,0.09935814281347147
current_active,current active,39,40,history_driver,tip_2l0_integral,1.0067258146319811e-05,1.00026409199927e-06,0.09935814473625341
current_active,current active,39,40,history_driver,right_band_mean,0.008370722328117239,0.008463487029075623,1.0110820425433045
current_active,current active,68,69,alpha_bar,max,18.459121704101562,9.840360641479492,0.5330893202406805
current_active,current active,68,69,alpha_bar,p999,8.433470001220847,1.5923105478286743,0.18880846764121625
current_active,current active,68,69,alpha_bar,p99,5.670693426132202,1.0521519184112549,0.18554202093920882
current_active,current active,68,69,alpha_bar,domain_mean,0.23574995771802848,0.24581560492515564,1.0426962842520053
current_active,current active,68,69,alpha_bar,tip_2l0_mean,1.0786265809304356,0.5021397471427917,0.4655362254373893
current_active,current active,68,69,alpha_bar,tip_2l0_integral,0.0013633840831443213,0.0006347047165036201,0.4655362522935023
current_active,current active,68,69,alpha_bar,right_band_mean,0.584365829154561,0.5832043886184692,0.9980124769824886
current_active,current active,68,69,delta_alpha_bar,max,0.5624628067016602,0.3769071400165558,0.6701014458658664
current_active,current active,68,69,delta_alpha_bar,p999,0.2731819796562197,0.10137590020895004,0.3710929261751616
current_active,current active,68,69,delta_alpha_bar,p99,0.12568044662475586,0.033460162580013275,0.26623204705752906
current_active,current active,68,69,delta_alpha_bar,domain_mean,0.001195043674875665,0.0017198229907080531,1.4391298216669675
current_active,current active,68,69,delta_alpha_bar,tip_2l0_mean,0.028948476696991323,0.00026305110077373683,0.009086871945876044
current_active,current active,68,69,delta_alpha_bar,tip_2l0_integral,3.659087682217771e-05,3.324965973661165e-07,0.009086871544018056
current_active,current active,68,69,delta_alpha_bar,right_band_mean,0.010090511349588813,0.008215058594942093,0.8141369956713695
current_active,current active,68,69,psi_raw,max,2216.02978515625,2681.71240234375,1.2101427608540312
current_active,current active,68,69,psi_raw,p999,2171.030036865241,2601.95068359375,1.1984867272268223
current_active,current active,68,69,psi_raw,p99,500.73057983398337,0.4698631167411804,0.0009383551467876457
current_active,current active,68,69,psi_raw,domain_mean,2.5315790875767505,3.530757427215576,1.394685808767384
current_active,current active,68,69,psi_raw,tip_2l0_mean,93.69374156176028,142.44033813476562,1.5202759091531526
current_active,current active,68,69,psi_raw,tip_2l0_integral,0.11842889670431733,0.18004460632801056,1.5202759743471208
current_active,current active,68,69,psi_raw,right_band_mean,0.043624748649762644,0.008191896602511406,0.1877809467346003
current_active,current active,68,69,g_alpha,max,1.0000820059315563,1.0034326314926147,1.003350350812419
current_active,current active,68,69,g_alpha,p999,1.000057839294019,1.003325343132019,1.0032673148588154
current_active,current active,68,69,g_alpha,p99,1.000056432597559,1.003186821937561,1.003130212693969
current_active,current active,68,69,g_alpha,domain_mean,0.9796414867973734,0.9842415452003479,1.0046956549563992
current_active,current active,68,69,g_alpha,tip_2l0_mean,0.40576307249798227,0.39036494493484497,0.9620514319641202
current_active,current active,68,69,g_alpha,tip_2l0_integral,0.0005128845555560835,0.0004934213357046247,0.962051460429811
current_active,current active,68,69,g_alpha,right_band_mean,0.9941050613275884,1.0028221607208252,1.0087687908776921
current_active,current active,68,69,psi_active,max,0.3319188272720554,0.3769071400165558,1.1355401051342773
current_active,current active,68,69,psi_active,p999,0.1465283987958004,0.10137590020895004,0.6918515526142195
current_active,current active,68,69,psi_active,p99,0.04365398870732709,0.033460162580013275,0.7664858028058537
current_active,current active,68,69,psi_active,domain_mean,0.0009419260876235448,0.0017198229907080531,1.8258576902218753
current_active,current active,68,69,psi_active,tip_2l0_mean,0.012902411666071674,0.00026305110077373683,0.02038774669277209
current_active,current active,68,69,psi_active,tip_2l0_integral,1.6308649360859972e-05,3.324965973661165e-07,0.020387745791144017
current_active,current active,68,69,psi_active,right_band_mean,0.01009850968688296,0.008215058594942093,0.813492173564254
current_active,current active,68,69,history_driver,max,0.5624628067016602,0.3769071400165558,0.6701014458658664
current_active,current active,68,69,history_driver,p999,0.2731819796562197,0.10137590020895004,0.3710929261751616
current_active,current active,68,69,history_driver,p99,0.12568044662475586,0.033460162580013275,0.26623204705752906
current_active,current active,68,69,history_driver,domain_mean,0.001195043674875665,0.0017198229907080531,1.4391298216669675
current_active,current active,68,69,history_driver,tip_2l0_mean,0.028948476696991323,0.00026305110077373683,0.009086871945876044
current_active,current active,68,69,history_driver,tip_2l0_integral,3.659087682217771e-05,3.324965973661165e-07,0.009086871544018056
current_active,current active,68,69,history_driver,right_band_mean,0.010090511349588813,0.008215058594942093,0.8141369956713695
lagged_g,lagged g,0,1,alpha_bar,max,0.2424047440290451,44.84514236450195,185.0010920542404
lagged_g,lagged g,0,1,alpha_bar,p999,0.11238760501146317,36.655941009521484,326.15643874413644
lagged_g,lagged g,0,1,alpha_bar,p99,0.03599074773490292,0.04971857741475105,1.3814266316710955
lagged_g,lagged g,0,1,alpha_bar,domain_mean,0.004831751804360173,0.023277178406715393,4.817544308817781
lagged_g,lagged g,0,1,alpha_bar,tip_2l0_mean,0.056241058275375615,0.12495347857475281,2.2217483526525674
lagged_g,lagged g,0,1,alpha_bar,tip_2l0_integral,7.108870208417807e-05,0.0001579412055434659,2.2217483357122405
lagged_g,lagged g,0,1,alpha_bar,right_band_mean,0.00856146456690375,0.008584177121520042,1.0026528819267784
lagged_g,lagged g,0,1,delta_alpha_bar,max,0.2424047440290451,44.84514236450195,185.0010920542404
lagged_g,lagged g,0,1,delta_alpha_bar,p999,0.11238760501146317,36.655941009521484,326.15643874413644
lagged_g,lagged g,0,1,delta_alpha_bar,p99,0.03599074773490292,0.04971857741475105,1.3814266316710955
lagged_g,lagged g,0,1,delta_alpha_bar,domain_mean,0.004831751804360173,0.023277178406715393,4.817544308817781
lagged_g,lagged g,0,1,delta_alpha_bar,tip_2l0_mean,0.056241058275375615,0.12495347857475281,2.2217483526525674
lagged_g,lagged g,0,1,delta_alpha_bar,tip_2l0_integral,7.108870208417807e-05,0.0001579412055434659,2.2217483357122405
lagged_g,lagged g,0,1,delta_alpha_bar,right_band_mean,0.00856146456690375,0.008584177121520042,1.0026528819267784
lagged_g,lagged g,0,1,psi_raw,max,685.90625,2795.06884765625,4.075001281379562
lagged_g,lagged g,0,1,psi_raw,p999,651.2774658203125,2548.803466796875,3.913544688033303
lagged_g,lagged g,0,1,psi_raw,p99,156.2744430541712,0.05773429572582245,0.00036944169883113486
lagged_g,lagged g,0,1,psi_raw,domain_mean,0.9048060786237279,1.852667212486267,2.0475848430464803
lagged_g,lagged g,0,1,psi_raw,tip_2l0_mean,2.8790208175156233,6.587906360626221,2.2882454758736634
lagged_g,lagged g,0,1,psi_raw,tip_2l0_integral,0.0036390825398128247,0.008327114395797253,2.2882455412032385
lagged_g,lagged g,0,1,psi_raw,right_band_mean,0.008561442121806203,0.008584177121520042,1.002655510530864
lagged_g,lagged g,0,1,g_alpha,max,1.000005315816677,1.0002338886260986,1.0002285715943768
lagged_g,lagged g,0,1,g_alpha,p999,1.0000050650857428,1.0001966953277588,1.0001916292713973
lagged_g,lagged g,0,1,g_alpha,p99,1.0000045129327986,1.000152587890625,1.0001480742895772
lagged_g,lagged g,0,1,g_alpha,domain_mean,0.9885646693074747,0.989414632320404,1.0008597950536962
lagged_g,lagged g,0,1,g_alpha,tip_2l0_mean,0.5569526599001612,0.5491182208061218,0.9859333841848538
lagged_g,lagged g,0,1,g_alpha,tip_2l0_integral,0.0007039882059254989,0.0006940854946151376,0.9859334130500912
lagged_g,lagged g,0,1,g_alpha,right_band_mean,1.0000043109952526,1.000042200088501,1.0000378889299095
lagged_g,lagged g,0,1,psi_active,max,0.25432828021337345,0.43513134121894836,1.7109042724383101
lagged_g,lagged g,0,1,psi_active,p999,0.1080088495014654,0.11320821195840836,1.0481383005276101
lagged_g,lagged g,0,1,psi_active,p99,0.033885238633461316,0.03523160517215729,1.0397331284356501
lagged_g,lagged g,0,1,psi_active,domain_mean,0.0047911518129206635,0.004790312144905329,0.9998247461052955
lagged_g,lagged g,0,1,psi_active,tip_2l0_mean,0.05526669625117313,0.055565398186445236,1.005404736587014
lagged_g,lagged g,0,1,psi_active,tip_2l0_integral,6.985710840893967e-05,7.023466605460271e-05,1.0054047133393047
lagged_g,lagged g,0,1,psi_active,right_band_mean,0.008561478878424783,0.008584534749388695,1.0026929776141844
lagged_g,lagged g,0,1,history_driver,max,0.2424047440290451,44.84514236450195,185.0010920542404
lagged_g,lagged g,0,1,history_driver,p999,0.11238760501146317,36.655941009521484,326.15643874413644
lagged_g,lagged g,0,1,history_driver,p99,0.03599074773490292,0.04971857741475105,1.3814266316710955
lagged_g,lagged g,0,1,history_driver,domain_mean,0.004831751804360173,0.023277178406715393,4.817544308817781
lagged_g,lagged g,0,1,history_driver,tip_2l0_mean,0.056241058275375615,0.12495347857475281,2.2217483526525674
lagged_g,lagged g,0,1,history_driver,tip_2l0_integral,7.108870208417807e-05,0.0001579412055434659,2.2217483357122405
lagged_g,lagged g,0,1,history_driver,right_band_mean,0.00856146456690375,0.008584177121520042,1.0026528819267784
lagged_g,lagged g,1,2,alpha_bar,max,0.48751550912857056,44.84866714477539,91.99433926715884
lagged_g,lagged g,1,2,alpha_bar,p999,0.22638249397277832,36.66466522216797,161.95892437944767
lagged_g,lagged g,1,2,alpha_bar,p99,0.07216600738465768,0.09953200817108154,1.3792090179044851
lagged_g,lagged g,1,2,alpha_bar,domain_mean,0.009673479094925592,0.02806571125984192,2.901304792663926
lagged_g,lagged g,1,2,alpha_bar,tip_2l0_mean,0.11275953790459826,0.18078556656837463,1.6032840319133865
lagged_g,lagged g,1,2,alpha_bar,tip_2l0_integral,0.00014252806478144166,0.00022851297399029136,1.6032840573588258
lagged_g,lagged g,1,2,alpha_bar,right_band_mean,0.01712135508122586,0.017167547717690468,1.00269795446946
lagged_g,lagged g,1,2,delta_alpha_bar,max,0.24511076509952545,0.4321907162666321,1.7632465717739658
lagged_g,lagged g,1,2,delta_alpha_bar,p999,0.1125040277838707,0.11273063719272614,1.0020142337418423
lagged_g,lagged g,1,2,delta_alpha_bar,p99,0.035971394926309165,0.03534509241580963,0.9825888734150406
lagged_g,lagged g,1,2,delta_alpha_bar,domain_mean,0.0048417272905654195,0.0047885337844491005,0.989013527007196
lagged_g,lagged g,1,2,delta_alpha_bar,tip_2l0_mean,0.056518479629222636,0.05583210289478302,0.9878557112834166
lagged_g,lagged g,1,2,delta_alpha_bar,tip_2l0_integral,7.143936269726357e-05,7.057178299874067e-05,0.9878557189514776
lagged_g,lagged g,1,2,delta_alpha_bar,right_band_mean,0.008559890514322111,0.008583370596170425,1.0027430353003963
lagged_g,lagged g,1,2,psi_raw,max,663.7318725585938,2793.8623046875,4.209323704642284
lagged_g,lagged g,1,2,psi_raw,p999,638.1360473632812,2543.622314453125,3.9860188512514467
lagged_g,lagged g,1,2,psi_raw,p99,157.86733627316562,0.058006156235933304,0.0003674360865604421
lagged_g,lagged g,1,2,psi_raw,domain_mean,0.8943307701759456,1.85567307472229,2.0749292505693564
lagged_g,lagged g,1,2,psi_raw,tip_2l0_mean,2.997225525052507,6.551951885223389,2.18600563436367
lagged_g,lagged g,1,2,psi_raw,tip_2l0_integral,0.0037884932994378096,0.008281667716801167,2.1860056392418903
lagged_g,lagged g,1,2,psi_raw,right_band_mean,0.008559840719614705,0.008583012968301773,1.0027070887702347
lagged_g,lagged g,1,2,g_alpha,max,1.0000093391442924,1.000281572341919,1.0002722306552252
lagged_g,lagged g,1,2,g_alpha,p999,1.0000088883750615,1.0002565383911133,1.0002476478148652
lagged_g,lagged g,1,2,g_alpha,p99,1.0000076790427737,1.0002102851867676,1.0002026045881847
lagged_g,lagged g,1,2,g_alpha,domain_mean,0.988548077901483,0.9894050359725952,1.0008668855772107
lagged_g,lagged g,1,2,g_alpha,tip_2l0_mean,0.5557448984461288,0.5461934208869934,0.9828131979513595
lagged_g,lagged g,1,2,g_alpha,tip_2l0_integral,0.0007024615953525956,0.0006903885514475405,0.9828132328017234
lagged_g,lagged g,1,2,g_alpha,right_band_mean,1.000007417263074,1.0000849962234497,1.0000775783849565
lagged_g,lagged g,1,2,psi_active,max,0.2571633085059211,0.4291794002056122,1.668898268182494
lagged_g,lagged g,1,2,psi_active,p999,0.10912325263361138,0.11243967711925507,1.030391547223934
lagged_g,lagged g,1,2,psi_active,p99,0.03408058094268215,0.035347238183021545,1.0371665389879856
lagged_g,lagged g,1,2,psi_active,domain_mean,0.004789459832938539,0.004785954486578703,0.9992681123796616
lagged_g,lagged g,1,2,psi_active,tip_2l0_mean,0.05552929811295059,0.055500585585832596,0.9994829301270909
lagged_g,lagged g,1,2,psi_active,tip_2l0_integral,7.01890371828835e-05,7.015274604782462e-05,0.9994829515189912
lagged_g,lagged g,1,2,psi_active,right_band_mean,0.008559903904960165,0.008583733811974525,1.0027838988940696
lagged_g,lagged g,1,2,history_driver,max,0.24511076509952545,0.4321907162666321,1.7632465717739658
lagged_g,lagged g,1,2,history_driver,p999,0.1125040277838707,0.11273063719272614,1.0020142337418423
lagged_g,lagged g,1,2,history_driver,p99,0.035971394926309165,0.03534509241580963,0.9825888734150406
lagged_g,lagged g,1,2,history_driver,domain_mean,0.0048417272905654195,0.0047885337844491005,0.989013527007196
lagged_g,lagged g,1,2,history_driver,tip_2l0_mean,0.056518479629222636,0.05583210289478302,0.9878557112834166
lagged_g,lagged g,1,2,history_driver,tip_2l0_integral,7.143936269726357e-05,7.057178299874067e-05,0.9878557189514776
lagged_g,lagged g,1,2,history_driver,right_band_mean,0.008559890514322111,0.008583370596170425,1.0027430353003963
lagged_g,lagged g,2,3,alpha_bar,max,0.7322266101837158,44.85017395019531,61.25176731687257
lagged_g,lagged g,2,3,alpha_bar,p999,0.3374171853065491,36.664676666259766,108.6627423346837
lagged_g,lagged g,2,3,alpha_bar,p99,0.10780069455504102,0.1485263705253601,1.3777867678721247
lagged_g,lagged g,2,3,alpha_bar,domain_mean,0.014517772004083484,0.03285139799118042,2.2628401921410632
lagged_g,lagged g,2,3,alpha_bar,tip_2l0_mean,0.16947403792065005,0.23641367256641388,1.3949845974467536
lagged_g,lagged g,2,3,alpha_bar,tip_2l0_integral,0.00021421519726307688,0.00029882689705118537,1.3949845803152667
lagged_g,lagged g,2,3,alpha_bar,right_band_mean,0.02568121079606649,0.02575025148689747,1.0026883736666168
lagged_g,lagged g,2,3,delta_alpha_bar,max,0.24471110105514526,0.41899558901786804,1.7122050745194761
lagged_g,lagged g,2,3,delta_alpha_bar,p999,0.11167380213737488,0.11291229724884033,1.0110902923314273
lagged_g,lagged g,2,3,delta_alpha_bar,p99,0.03606931470334493,0.03525150194764137,0.977326634497225
lagged_g,lagged g,2,3,delta_alpha_bar,domain_mean,0.004844292909157893,0.004785685334354639,0.9879017276819783
lagged_g,lagged g,2,3,delta_alpha_bar,tip_2l0_mean,0.0567145000160518,0.05562808737158775,0.9808441819260232
lagged_g,lagged g,2,3,delta_alpha_bar,tip_2l0_integral,7.168713248163523e-05,7.031390850897878e-05,0.980844205576109
lagged_g,lagged g,2,3,delta_alpha_bar,right_band_mean,0.008559855714840628,0.008582702837884426,1.0026691014200377
lagged_g,lagged g,2,3,psi_raw,max,663.0670776367188,2805.138671875,4.230550371876372
lagged_g,lagged g,2,3,psi_raw,p999,638.0804443359375,2549.62841796875,3.995778965804534
lagged_g,lagged g,2,3,psi_raw,p99,158.39109268185703,0.056997768580913544,0.0003598546333372342
lagged_g,lagged g,2,3,psi_raw,domain_mean,0.8952262156304751,1.8570467233657837,2.074388228295944
lagged_g,lagged g,2,3,psi_raw,tip_2l0_mean,3.038979519465806,6.586505889892578,2.1673413222114637
lagged_g,lagged g,2,3,psi_raw,tip_2l0_integral,0.003841270351660723,0.008325343951582909,2.167341319254854
lagged_g,lagged g,2,3,psi_raw,right_band_mean,0.008559780438886833,0.008581983856856823,1.0025939237727548
lagged_g,lagged g,2,3,g_alpha,max,1.0000131258612277,1.0003271102905273,1.0003139803080376
lagged_g,lagged g,2,3,g_alpha,p999,1.0000124634814251,1.0002963542938232,1.0002838872741744
lagged_g,lagged g,2,3,g_alpha,p99,1.0000106767810095,1.000246524810791,1.0002358455117106
lagged_g,lagged g,2,3,g_alpha,domain_mean,0.988547794433114,0.9894055724143982,1.0008677152345236
lagged_g,lagged g,2,3,g_alpha,tip_2l0_mean,0.5555037815491315,0.5442521572113037,0.9797451885809842
lagged_g,lagged g,2,3,g_alpha,tip_2l0_integral,0.0007021568235758239,0.0006879347492940724,0.9797451597645612
lagged_g,lagged g,2,3,g_alpha,right_band_mean,1.0000103301209624,1.0001274347305298,1.000117103399875
lagged_g,lagged g,2,3,psi_active,max,0.25645054631115255,0.41880670189857483,1.6330895290448508
lagged_g,lagged g,2,3,psi_active,p999,0.10808322185072357,0.112229123711586,1.0383584222404882
lagged_g,lagged g,2,3,psi_active,p99,0.03412808018950954,0.035252828150987625,1.0329566724888268
lagged_g,lagged g,2,3,psi_active,domain_mean,0.004788760633967184,0.004784310702234507,0.999070755029785
lagged_g,lagged g,2,3,psi_active,tip_2l0_mean,0.05568635026378802,0.05540760979056358,0.9949944560578304
lagged_g,lagged g,2,3,psi_active,tip_2l0_integral,7.038755111389623e-05,7.003522478044033e-05,0.9949944794515468
lagged_g,lagged g,2,3,psi_active,right_band_mean,0.008559868413014354,0.008583063259720802,1.002709720008217
lagged_g,lagged g,2,3,history_driver,max,0.24471110105514526,0.41899558901786804,1.7122050745194761
lagged_g,lagged g,2,3,history_driver,p999,0.11167380213737488,0.11291229724884033,1.0110902923314273
lagged_g,lagged g,2,3,history_driver,p99,0.03606931470334493,0.03525150194764137,0.977326634497225
lagged_g,lagged g,2,3,history_driver,domain_mean,0.004844292909157893,0.004785685334354639,0.9879017276819783
lagged_g,lagged g,2,3,history_driver,tip_2l0_mean,0.0567145000160518,0.05562808737158775,0.9808441819260232
lagged_g,lagged g,2,3,history_driver,tip_2l0_integral,7.168713248163523e-05,7.031390850897878e-05,0.980844205576109
lagged_g,lagged g,2,3,history_driver,right_band_mean,0.008559855714840628,0.008582702837884426,1.0026691014200377
lagged_g,lagged g,19,20,alpha_bar,max,2.3945114612579346,44.875797271728516,18.741107736503974
lagged_g,lagged g,19,20,alpha_bar,p999,1.1583194253444706,36.6654167175293,31.653977232252174
lagged_g,lagged g,19,20,alpha_bar,p99,0.677829414010042,0.9353155493736267,1.379868636623919
lagged_g,lagged g,19,20,alpha_bar,domain_mean,0.09255868067561585,0.1116907149553299,1.2067016744411558
lagged_g,lagged g,19,20,alpha_bar,tip_2l0_mean,0.4711684432030364,0.7160496711730957,1.519731810359241
lagged_g,lagged g,19,20,alpha_bar,tip_2l0_integral,0.0005955569492722696,0.000905086868442595,1.5197318569593554
lagged_g,lagged g,19,20,alpha_bar,right_band_mean,0.17089664378161334,0.17144225537776947,1.003192640792018
lagged_g,lagged g,19,20,delta_alpha_bar,max,0.2915639281272888,11.773061752319336,40.37900651132516
lagged_g,lagged g,19,20,delta_alpha_bar,p999,0.1082409462928785,0.13849367201328278,1.2794942834160596
lagged_g,lagged g,19,20,delta_alpha_bar,p99,0.041770939528942015,0.03476722538471222,0.8323304617226265
lagged_g,lagged g,19,20,delta_alpha_bar,domain_mean,0.004272547468768581,0.004410614725202322,1.032314973079406
lagged_g,lagged g,19,20,delta_alpha_bar,tip_2l0_mean,0.0032813145637630185,0.0011596183758229017,0.3534005513001012
lagged_g,lagged g,19,20,delta_alpha_bar,tip_2l0_integral,4.1475818667152575e-06,1.46575769122137e-06,0.35340054478109667
lagged_g,lagged g,19,20,delta_alpha_bar,right_band_mean,0.008515205600063297,0.00855126604437828,1.0042348295518215
lagged_g,lagged g,19,20,psi_raw,max,842.2301635742188,2819.666015625,3.34785684195758
lagged_g,lagged g,19,20,psi_raw,p999,654.114823425293,2598.111572265625,3.971950304780637
lagged_g,lagged g,19,20,psi_raw,p99,401.088198852539,0.05675613507628441,0.00014150537273012844
lagged_g,lagged g,19,20,psi_raw,domain_mean,1.1144562220934804,2.126408100128174,1.9080229963037625
lagged_g,lagged g,19,20,psi_raw,tip_2l0_mean,48.94149887901553,46.12516403198242,0.9424550757222382
lagged_g,lagged g,19,20,psi_raw,tip_2l0_integral,0.06186205843297202,0.05830220878124237,0.9424550404253559
lagged_g,lagged g,19,20,psi_raw,right_band_mean,0.008514877528284918,0.00854445155709982,1.0034732183424437
lagged_g,lagged g,19,20,g_alpha,max,1.0000573043462422,1.0010554790496826,1.0009981175069693
lagged_g,lagged g,19,20,g_alpha,p999,1.0000456019022517,1.0010266304016113,1.000980983764634
lagged_g,lagged g,19,20,g_alpha,p99,1.0000405014353315,1.000960350036621,1.0009198113476097
lagged_g,lagged g,19,20,g_alpha,domain_mean,0.987382501311347,0.9889469742774963,1.0015844649505856
lagged_g,lagged g,19,20,g_alpha,tip_2l0_mean,0.41810288206861745,0.42463305592536926,1.0156185813033456
lagged_g,lagged g,19,20,g_alpha,tip_2l0_integral,0.0005284820758240556,0.0005367362173274159,1.015618583639738
lagged_g,lagged g,19,20,g_alpha,right_band_mean,1.0000394367602232,1.0008494853973389,1.0008100166926817
lagged_g,lagged g,19,20,psi_active,max,0.3224991727161346,0.667942464351654,2.0711447372907847
lagged_g,lagged g,19,20,psi_active,p999,0.10472564843095324,0.10812658071517944,1.0324746834722964
lagged_g,lagged g,19,20,psi_active,p99,0.03415577241922712,0.03447264805436134,1.0092773669775317
lagged_g,lagged g,19,20,psi_active,domain_mean,0.004197366516029803,0.004300964530557394,1.0246816698355858
lagged_g,lagged g,19,20,psi_active,tip_2l0_mean,0.0009012618220446963,0.0011168204946443439,1.2391743079836763
lagged_g,lagged g,19,20,psi_active,tip_2l0_integral,1.139195013960662e-06,1.4116611737335916e-06,1.2391742909983787
lagged_g,lagged g,19,20,psi_active,right_band_mean,0.00851520999611085,0.008551628328859806,1.00427685667947
lagged_g,lagged g,19,20,history_driver,max,0.2915639281272888,11.773061752319336,40.37900651132516
lagged_g,lagged g,19,20,history_driver,p999,0.1082409462928785,0.13849367201328278,1.2794942834160596
lagged_g,lagged g,19,20,history_driver,p99,0.041770939528942015,0.03476722538471222,0.8323304617226265
lagged_g,lagged g,19,20,history_driver,domain_mean,0.004272547468768581,0.004410614725202322,1.032314973079406
lagged_g,lagged g,19,20,history_driver,tip_2l0_mean,0.0032813145637630185,0.0011596183758229017,0.3534005513001012
lagged_g,lagged g,19,20,history_driver,tip_2l0_integral,4.1475818667152575e-06,1.46575769122137e-06,0.35340054478109667
lagged_g,lagged g,19,20,history_driver,right_band_mean,0.008515205600063297,0.00855126604437828,1.0042348295518215
lagged_g,lagged g,39,40,alpha_bar,max,6.920406818389893,44.90017318725586,6.488082906909564
lagged_g,lagged g,39,40,alpha_bar,p999,2.6288248476982123,36.67864227294922,13.952486147970216
lagged_g,lagged g,39,40,alpha_bar,p99,2.1244487714767444,1.7448405027389526,0.821314463387169
lagged_g,lagged g,39,40,alpha_bar,domain_mean,0.1685644438132181,0.19150841236114502,1.1361139278776402
lagged_g,lagged g,39,40,alpha_bar,tip_2l0_mean,0.5867260319383277,0.7348707318305969,1.2524938247632433
lagged_g,lagged g,39,40,alpha_bar,tip_2l0_integral,0.000741621750523811,0.0009288766887038946,1.2524938596364312
lagged_g,lagged g,39,40,alpha_bar,right_band_mean,0.3398811550284007,0.3415761888027191,1.0049871366777507
lagged_g,lagged g,39,40,delta_alpha_bar,max,0.32408857345581055,20.07564926147461,61.944946245418684
lagged_g,lagged g,39,40,delta_alpha_bar,p999,0.1535134221911446,0.1511218398809433,0.9844210214581531
lagged_g,lagged g,39,40,delta_alpha_bar,p99,0.10299158096313477,0.034843772649765015,0.3383167082582909
lagged_g,lagged g,39,40,delta_alpha_bar,domain_mean,0.003321027827529084,0.0035922881215810776,1.0816796209304325
lagged_g,lagged g,39,40,delta_alpha_bar,tip_2l0_mean,0.00796460246819498,0.0005707393866032362,0.07165949447977697
lagged_g,lagged g,39,40,delta_alpha_bar,tip_2l0_integral,1.0067258146319811e-05,7.214146080514183e-07,0.0716594923430208
lagged_g,lagged g,39,40,delta_alpha_bar,right_band_mean,0.008370722328117239,0.008453981950879097,1.0099465278500745
lagged_g,lagged g,39,40,psi_raw,max,1640.9962158203125,2779.290771484375,1.6936606828767389
lagged_g,lagged g,39,40,psi_raw,p999,1249.4049399414068,2639.433837890625,2.1125527469215912
lagged_g,lagged g,39,40,psi_raw,p99,490.35635375976057,0.06898095458745956,0.00014067515197581243
lagged_g,lagged g,39,40,psi_raw,domain_mean,1.4467157402873174,2.625687837600708,1.8149300270136324
lagged_g,lagged g,39,40,psi_raw,tip_2l0_mean,93.79736843100262,99.1727066040039,1.057307984892512
lagged_g,lagged g,39,40,psi_raw,tip_2l0_integral,0.11855988107519128,0.12535430490970612,1.0573079508253367
lagged_g,lagged g,39,40,psi_raw,right_band_mean,0.008370327883069819,0.008440238423645496,1.008352186623069
lagged_g,lagged g,39,40,g_alpha,max,1.0000779981830776,1.0020421743392944,1.0019640229659939
lagged_g,lagged g,39,40,g_alpha,p999,1.000054475528796,1.001986026763916,1.0019314460185769
lagged_g,lagged g,39,40,g_alpha,p99,1.0000519595853203,1.0018932819366455,1.0018412266819503
lagged_g,lagged g,39,40,g_alpha,domain_mean,0.9848756124301707,0.9877973794937134,1.002966635610291
lagged_g,lagged g,39,40,g_alpha,tip_2l0_mean,0.41489257236715404,0.41424480080604553,0.9984387005112849
lagged_g,lagged g,39,40,g_alpha,tip_2l0_integral,0.0005244242441088726,0.0005236054421402514,0.9984386649209697
lagged_g,lagged g,39,40,g_alpha,right_band_mean,1.000048970867499,1.0016918182373047,1.0016427669220842
lagged_g,lagged g,39,40,psi_active,max,0.2979344434513358,0.4582698345184326,1.5381566132795446
lagged_g,lagged g,39,40,psi_active,p999,0.10317979629706082,0.10529899597167969,1.0205389015163158
lagged_g,lagged g,39,40,psi_active,p99,0.034360761370532344,0.034458570182323456,1.002846526325083
lagged_g,lagged g,39,40,psi_active,domain_mean,0.0031361779713216897,0.003387018572539091,1.07998289749854
lagged_g,lagged g,39,40,psi_active,tip_2l0_mean,0.0025970015877111218,0.0005706612719222903,0.21973851484058776
lagged_g,lagged g,39,40,psi_active,tip_2l0_integral,3.282610211155391e-06,7.21315927876276e-07,0.21973852558704862
lagged_g,lagged g,39,40,psi_active,right_band_mean,0.008370723935258402,0.008454320952296257,1.0099868324035552
lagged_g,lagged g,39,40,history_driver,max,0.32408857345581055,20.07564926147461,61.944946245418684
lagged_g,lagged g,39,40,history_driver,p999,0.1535134221911446,0.1511218398809433,0.9844210214581531
lagged_g,lagged g,39,40,history_driver,p99,0.10299158096313477,0.034843772649765015,0.3383167082582909
lagged_g,lagged g,39,40,history_driver,domain_mean,0.003321027827529084,0.0035922881215810776,1.0816796209304325
lagged_g,lagged g,39,40,history_driver,tip_2l0_mean,0.00796460246819498,0.0005707393866032362,0.07165949447977697
lagged_g,lagged g,39,40,history_driver,tip_2l0_integral,1.0067258146319811e-05,7.214146080514183e-07,0.0716594923430208
lagged_g,lagged g,39,40,history_driver,right_band_mean,0.008370722328117239,0.008453981950879097,1.0099465278500745
lagged_g,lagged g,68,69,alpha_bar,max,18.459121704101562,44.94145965576172,2.434647778814734
lagged_g,lagged g,68,69,alpha_bar,p999,8.433470001220847,36.80181121826172,4.363780414578366
lagged_g,lagged g,68,69,alpha_bar,p99,5.670693426132202,3.0213611125946045,0.532802760711996
lagged_g,lagged g,68,69,alpha_bar,domain_mean,0.23574995771802848,0.27199625968933105,1.153748922469184
lagged_g,lagged g,68,69,alpha_bar,tip_2l0_mean,1.0786265809304356,0.7464671730995178,0.6920533818623371
lagged_g,lagged g,68,69,alpha_bar,tip_2l0_integral,0.0013633840831443213,0.0009435346000827849,0.6920534072150429
lagged_g,lagged g,68,69,alpha_bar,right_band_mean,0.584365829154561,0.5826337337493896,0.997035939956179
lagged_g,lagged g,68,69,delta_alpha_bar,max,0.5624628067016602,28.52802276611328,50.71983858524717
lagged_g,lagged g,68,69,delta_alpha_bar,p999,0.2731819796562197,0.16201956570148468,0.5930829182267985
lagged_g,lagged g,68,69,delta_alpha_bar,p99,0.12568044662475586,0.03358268737792969,0.26720693854786753
lagged_g,lagged g,68,69,delta_alpha_bar,domain_mean,0.001195043674875665,0.0019369496731087565,1.620819149819174
lagged_g,lagged g,68,69,delta_alpha_bar,tip_2l0_mean,0.028948476696991323,0.00023756608425173908,0.008206514171311468
lagged_g,lagged g,68,69,delta_alpha_bar,tip_2l0_integral,3.659087682217771e-05,3.002835455845343e-07,0.008206514072997906
lagged_g,lagged g,68,69,delta_alpha_bar,right_band_mean,0.010090511349588813,0.008241348899900913,0.8167424439036727
lagged_g,lagged g,68,69,psi_raw,max,2216.02978515625,2673.7421875,1.2065461418477628
lagged_g,lagged g,68,69,psi_raw,p999,2171.030036865241,2590.756103515625,1.1933303821334633
lagged_g,lagged g,68,69,psi_raw,p99,500.73057983398337,0.6417367458343506,0.0012816008681697006
lagged_g,lagged g,68,69,psi_raw,domain_mean,2.5315790875767505,3.61311411857605,1.4272175561517038
lagged_g,lagged g,68,69,psi_raw,tip_2l0_mean,93.69374156176028,144.71524047851562,1.5445561044557434
lagged_g,lagged g,68,69,psi_raw,tip_2l0_integral,0.11842889670431733,0.18292008340358734,1.54455617247103
lagged_g,lagged g,68,69,psi_raw,right_band_mean,0.043624748649762644,0.008218289352953434,0.1883859416344889
lagged_g,lagged g,68,69,g_alpha,max,1.0000820059315563,1.0034421682357788,1.0033598867735778
lagged_g,lagged g,68,69,g_alpha,p999,1.000057839294019,1.0033562183380127,1.003298188279112
lagged_g,lagged g,68,69,g_alpha,p99,1.000056432597559,1.0032267570495605,1.0031701455524535
lagged_g,lagged g,68,69,g_alpha,domain_mean,0.9796414867973734,0.9849467277526855,1.0054154923273573
lagged_g,lagged g,68,69,g_alpha,tip_2l0_mean,0.40576307249798227,0.4046279191970825,0.9972024233405188
lagged_g,lagged g,68,69,g_alpha,tip_2l0_integral,0.0005128845555560835,0.0005114497034810483,0.9972023878288176
lagged_g,lagged g,68,69,g_alpha,right_band_mean,0.9941050613275884,1.0028228759765625,1.0087695103748209
lagged_g,lagged g,68,69,psi_active,max,0.3319188272720554,0.49030664563179016,1.4771884127859762
lagged_g,lagged g,68,69,psi_active,p999,0.1465283987958004,0.10052626579999924,0.686053124350939
lagged_g,lagged g,68,69,psi_active,p99,0.04365398870732709,0.03314671665430069,0.7593055671620035
lagged_g,lagged g,68,69,psi_active,domain_mean,0.0009419260876235448,0.001585597638040781,1.6833567504656368
lagged_g,lagged g,68,69,psi_active,tip_2l0_mean,0.012902411666071674,0.00023712693655397743,0.01837849719037636
lagged_g,lagged g,68,69,psi_active,tip_2l0_integral,1.6308649360859972e-05,2.997284695993585e-07,0.01837849738303243
lagged_g,lagged g,68,69,psi_active,right_band_mean,0.01009850968688296,0.008241649717092514,0.8161253464753975
lagged_g,lagged g,68,69,history_driver,max,0.5624628067016602,28.52802276611328,50.71983858524717
lagged_g,lagged g,68,69,history_driver,p999,0.2731819796562197,0.16201956570148468,0.5930829182267985
lagged_g,lagged g,68,69,history_driver,p99,0.12568044662475586,0.03358268737792969,0.26720693854786753
lagged_g,lagged g,68,69,history_driver,domain_mean,0.001195043674875665,0.0019369496731087565,1.620819149819174
lagged_g,lagged g,68,69,history_driver,tip_2l0_mean,0.028948476696991323,0.00023756608425173908,0.008206514171311468
lagged_g,lagged g,68,69,history_driver,tip_2l0_integral,3.659087682217771e-05,3.002835455845343e-07,0.008206514072997906
lagged_g,lagged g,68,69,history_driver,right_band_mean,0.010090511349588813,0.008241348899900913,0.8167424439036727
raw,raw driver,0,1,alpha_bar,max,0.2424047440290451,2795.06884765625,11530.586411796226
raw,raw driver,0,1,alpha_bar,p999,0.11238760501146317,2548.803466796875,22678.688335220824
raw,raw driver,0,1,alpha_bar,p99,0.03599074773490292,0.05773429572582245,1.6041427133183228
raw,raw driver,0,1,alpha_bar,domain_mean,0.004831751804360173,1.852667212486267,383.435922932635
raw,raw driver,0,1,alpha_bar,tip_2l0_mean,0.056241058275375615,6.587906360626221,117.13695585829056
raw,raw driver,0,1,alpha_bar,tip_2l0_integral,7.108870208417807e-05,0.008327114395797253,117.13695920255921
raw,raw driver,0,1,alpha_bar,right_band_mean,0.00856146456690375,0.008584177121520042,1.0026528819267784
raw,raw driver,0,1,delta_alpha_bar,max,0.2424047440290451,2795.06884765625,11530.586411796226
raw,raw driver,0,1,delta_alpha_bar,p999,0.11238760501146317,2548.803466796875,22678.688335220824
raw,raw driver,0,1,delta_alpha_bar,p99,0.03599074773490292,0.05773429572582245,1.6041427133183228
raw,raw driver,0,1,delta_alpha_bar,domain_mean,0.004831751804360173,1.852667212486267,383.435922932635
raw,raw driver,0,1,delta_alpha_bar,tip_2l0_mean,0.056241058275375615,6.587906360626221,117.13695585829056
raw,raw driver,0,1,delta_alpha_bar,tip_2l0_integral,7.108870208417807e-05,0.008327114395797253,117.13695920255921
raw,raw driver,0,1,delta_alpha_bar,right_band_mean,0.00856146456690375,0.008584177121520042,1.0026528819267784
raw,raw driver,0,1,psi_raw,max,685.90625,2795.06884765625,4.075001281379562
raw,raw driver,0,1,psi_raw,p999,651.2774658203125,2548.803466796875,3.913544688033303
raw,raw driver,0,1,psi_raw,p99,156.2744430541712,0.05773429572582245,0.00036944169883113486
raw,raw driver,0,1,psi_raw,domain_mean,0.9048060786237279,1.852667212486267,2.0475848430464803
raw,raw driver,0,1,psi_raw,tip_2l0_mean,2.8790208175156233,6.587906360626221,2.2882454758736634
raw,raw driver,0,1,psi_raw,tip_2l0_integral,0.0036390825398128247,0.008327114395797253,2.2882455412032385
raw,raw driver,0,1,psi_raw,right_band_mean,0.008561442121806203,0.008584177121520042,1.002655510530864
raw,raw driver,0,1,g_alpha,max,1.000005315816677,1.0002338886260986,1.0002285715943768
raw,raw driver,0,1,g_alpha,p999,1.0000050650857428,1.0001966953277588,1.0001916292713973
raw,raw driver,0,1,g_alpha,p99,1.0000045129327986,1.000152587890625,1.0001480742895772
raw,raw driver,0,1,g_alpha,domain_mean,0.9885646693074747,0.989414632320404,1.0008597950536962
raw,raw driver,0,1,g_alpha,tip_2l0_mean,0.5569526599001612,0.5491182208061218,0.9859333841848538
raw,raw driver,0,1,g_alpha,tip_2l0_integral,0.0007039882059254989,0.0006940854946151376,0.9859334130500912
raw,raw driver,0,1,g_alpha,right_band_mean,1.0000043109952526,1.000042200088501,1.0000378889299095
raw,raw driver,0,1,psi_active,max,0.25432828021337345,0.43513134121894836,1.7109042724383101
raw,raw driver,0,1,psi_active,p999,0.1080088495014654,0.11320821195840836,1.0481383005276101
raw,raw driver,0,1,psi_active,p99,0.033885238633461316,0.03523160517215729,1.0397331284356501
raw,raw driver,0,1,psi_active,domain_mean,0.0047911518129206635,0.004790312144905329,0.9998247461052955
raw,raw driver,0,1,psi_active,tip_2l0_mean,0.05526669625117313,0.055565398186445236,1.005404736587014
raw,raw driver,0,1,psi_active,tip_2l0_integral,6.985710840893967e-05,7.023466605460271e-05,1.0054047133393047
raw,raw driver,0,1,psi_active,right_band_mean,0.008561478878424783,0.008584534749388695,1.0026929776141844
raw,raw driver,0,1,history_driver,max,0.2424047440290451,2795.06884765625,11530.586411796226
raw,raw driver,0,1,history_driver,p999,0.11238760501146317,2548.803466796875,22678.688335220824
raw,raw driver,0,1,history_driver,p99,0.03599074773490292,0.05773429572582245,1.6041427133183228
raw,raw driver,0,1,history_driver,domain_mean,0.004831751804360173,1.852667212486267,383.435922932635
raw,raw driver,0,1,history_driver,tip_2l0_mean,0.056241058275375615,6.587906360626221,117.13695585829056
raw,raw driver,0,1,history_driver,tip_2l0_integral,7.108870208417807e-05,0.008327114395797253,117.13695920255921
raw,raw driver,0,1,history_driver,right_band_mean,0.00856146456690375,0.008584177121520042,1.0026528819267784
raw,raw driver,1,2,alpha_bar,max,0.48751550912857056,5593.978515625,11474.46268042669
raw,raw driver,1,2,alpha_bar,p999,0.22638249397277832,5097.8818359375,22518.887156312103
raw,raw driver,1,2,alpha_bar,p99,0.07216600738465768,0.11618396639823914,1.609954196010289
raw,raw driver,1,2,alpha_bar,domain_mean,0.009673479094925592,3.7118749618530273,383.71664686805
raw,raw driver,1,2,alpha_bar,tip_2l0_mean,0.11275953790459826,13.699742317199707,121.49519740663145
raw,raw driver,1,2,alpha_bar,tip_2l0_integral,0.00014252806478144166,0.01731647551059723,121.49519841689437
raw,raw driver,1,2,alpha_bar,right_band_mean,0.01712135508122586,0.017166363075375557,1.0026287635491566
raw,raw driver,1,2,delta_alpha_bar,max,0.24511076509952545,2798.909912109375,11418.9595506868
raw,raw driver,1,2,delta_alpha_bar,p999,0.1125040277838707,2549.07373046875,22657.6219596842
raw,raw driver,1,2,delta_alpha_bar,p99,0.035971394926309165,0.0576065331697464,1.6014539688482718
raw,raw driver,1,2,delta_alpha_bar,domain_mean,0.0048417272905654195,1.8592079877853394,383.9968416660287
raw,raw driver,1,2,delta_alpha_bar,tip_2l0_mean,0.056518479629222636,7.111837863922119,125.83208024309582
raw,raw driver,1,2,delta_alpha_bar,tip_2l0_integral,7.143936269726357e-05,0.0089893639087677,125.83208429310402
raw,raw driver,1,2,delta_alpha_bar,right_band_mean,0.008559890514322111,0.008582185953855515,1.002604640736479
raw,raw driver,1,2,psi_raw,max,663.7318725585938,2798.909912109375,4.216928593951603
raw,raw driver,1,2,psi_raw,p999,638.1360473632812,2549.07373046875,3.9945615688085407
raw,raw driver,1,2,psi_raw,p99,157.86733627316562,0.0576065331697464,0.0003649047011857284
raw,raw driver,1,2,psi_raw,domain_mean,0.8943307701759456,1.8592079877853394,2.0788818296160927
raw,raw driver,1,2,psi_raw,tip_2l0_mean,2.997225525052507,7.111837863922119,2.3728070525482163
raw,raw driver,1,2,psi_raw,tip_2l0_integral,0.0037884932994378096,0.0089893639087677,2.372807128918948
raw,raw driver,1,2,psi_raw,right_band_mean,0.008559840719614705,0.008582185953855515,1.0026104731352776
raw,raw driver,1,2,g_alpha,max,1.0000093391442924,1.0002870559692383,1.0002777142313326
raw,raw driver,1,2,g_alpha,p999,1.0000088883750615,1.0002498626708984,1.000240972153986
raw,raw driver,1,2,g_alpha,p99,1.0000076790427737,1.0002050399780273,1.0001973594197222
raw,raw driver,1,2,g_alpha,domain_mean,0.988548077901483,0.9894114136695862,1.0008733371571932
raw,raw driver,1,2,g_alpha,tip_2l0_mean,0.5557448984461288,0.5456400513648987,0.981817472172064
raw,raw driver,1,2,g_alpha,tip_2l0_integral,0.0007024615953525956,0.0006896890699863434,0.9818174752175012
raw,raw driver,1,2,g_alpha,right_band_mean,1.000007417263074,1.0000853538513184,1.0000779360101726
raw,raw driver,1,2,psi_active,max,0.2571633085059211,0.48618432879447937,1.8905664716290003
raw,raw driver,1,2,psi_active,p999,0.10912325263361138,0.11157210916280746,1.0224411980956827
raw,raw driver,1,2,psi_active,p99,0.03408058094268215,0.035531606525182724,1.0425763159654162
raw,raw driver,1,2,psi_active,domain_mean,0.004789459832938539,0.004781187046319246,0.998272709886322
raw,raw driver,1,2,psi_active,tip_2l0_mean,0.05552929811295059,0.05396260321140289,0.9717861569515802
raw,raw driver,1,2,psi_active,tip_2l0_integral,7.01890371828835e-05,6.820873386459425e-05,0.9717861449911416
raw,raw driver,1,2,psi_active,right_band_mean,0.008559903904960165,0.008582907728850842,1.002687392772873
raw,raw driver,1,2,history_driver,max,0.24511076509952545,2798.909912109375,11418.9595506868
raw,raw driver,1,2,history_driver,p999,0.1125040277838707,2549.07373046875,22657.6219596842
raw,raw driver,1,2,history_driver,p99,0.035971394926309165,0.0576065331697464,1.6014539688482718
raw,raw driver,1,2,history_driver,domain_mean,0.0048417272905654195,1.8592079877853394,383.9968416660287
raw,raw driver,1,2,history_driver,tip_2l0_mean,0.056518479629222636,7.111837863922119,125.83208024309582
raw,raw driver,1,2,history_driver,tip_2l0_integral,7.143936269726357e-05,0.0089893639087677,125.83208429310402
raw,raw driver,1,2,history_driver,right_band_mean,0.008559890514322111,0.008582185953855515,1.002604640736479
raw,raw driver,2,3,alpha_bar,max,0.7322266101837158,8396.0859375,11466.512990279634
raw,raw driver,2,3,alpha_bar,p999,0.3374171853065491,7648.3935546875,22667.468901261826
raw,raw driver,2,3,alpha_bar,p99,0.10780069455504102,0.17379231750965118,1.6121632446525294
raw,raw driver,2,3,alpha_bar,domain_mean,0.014517772004083484,5.581326007843018,384.4478344385854
raw,raw driver,2,3,alpha_bar,tip_2l0_mean,0.16947403792065005,22.475069046020508,132.61659025640037
raw,raw driver,2,3,alpha_bar,tip_2l0_integral,0.00021421519726307688,0.028408488258719444,132.61658659927423
raw,raw driver,2,3,alpha_bar,right_band_mean,0.02568121079606649,0.025747478008270264,1.002580377254406
raw,raw driver,2,3,delta_alpha_bar,max,0.24471110105514526,2802.12109375,11450.7314203067
raw,raw driver,2,3,delta_alpha_bar,p999,0.11167380213737488,2550.511962890625,22838.946235153053
raw,raw driver,2,3,delta_alpha_bar,p99,0.03606931470334493,0.056455522775650024,1.5651953257214104
raw,raw driver,2,3,delta_alpha_bar,domain_mean,0.004844292909157893,1.8694508075714111,385.90788018563205
raw,raw driver,2,3,delta_alpha_bar,tip_2l0_mean,0.0567145000160518,8.775322914123535,154.7280309557498
raw,raw driver,2,3,delta_alpha_bar,tip_2l0_integral,7.168713248163523e-05,0.011092009022831917,154.72803331439516
raw,raw driver,2,3,delta_alpha_bar,right_band_mean,0.008559855714840628,0.008581114932894707,1.0024835953738356
raw,raw driver,2,3,psi_raw,max,663.0670776367188,2802.12109375,4.225999432421265
raw,raw driver,2,3,psi_raw,p999,638.0804443359375,2550.511962890625,3.9971636578597725
raw,raw driver,2,3,psi_raw,p99,158.39109268185703,0.056455522775650024,0.00035643117185286483
raw,raw driver,2,3,psi_raw,domain_mean,0.8952262156304751,1.8694508075714111,2.0882440381337863
raw,raw driver,2,3,psi_raw,tip_2l0_mean,3.038979519465806,8.775322914123535,2.8875886980857537
raw,raw driver,2,3,psi_raw,tip_2l0_integral,0.003841270351660723,0.011092009022831917,2.88758874210362
raw,raw driver,2,3,psi_raw,right_band_mean,0.008559780438886833,0.008581114932894707,1.0024924113603373
raw,raw driver,2,3,g_alpha,max,1.0000131258612277,1.0003242492675781,1.0003111193226413
raw,raw driver,2,3,g_alpha,p999,1.0000124634814251,1.0002949237823486,1.0002824567805286
raw,raw driver,2,3,g_alpha,p99,1.0000106767810095,1.0002493858337402,1.0002387065041136
raw,raw driver,2,3,g_alpha,domain_mean,0.988547794433114,0.9894092679023743,1.0008714535342769
raw,raw driver,2,3,g_alpha,tip_2l0_mean,0.5555037815491315,0.5340099334716797,0.9613074675792269
raw,raw driver,2,3,g_alpha,tip_2l0_integral,0.0007021568235758239,0.0006749886088073254,0.9613074830916819
raw,raw driver,2,3,g_alpha,right_band_mean,1.0000103301209624,1.0001276731491089,1.0001173418159914
raw,raw driver,2,3,psi_active,max,0.25645054631115255,0.5847281813621521,2.280081636686002
raw,raw driver,2,3,psi_active,p999,0.10808322185072357,0.10724260658025742,0.9922225183884031
raw,raw driver,2,3,psi_active,p99,0.03412808018950954,0.03553871810436249,1.041333643938359
raw,raw driver,2,3,psi_active,domain_mean,0.004788760633967184,0.004764657933264971,0.9949668186521476
raw,raw driver,2,3,psi_active,tip_2l0_mean,0.05568635026378802,0.04949336498975754,0.8887880917910024
raw,raw driver,2,3,psi_active,tip_2l0_integral,7.038755111389623e-05,6.255961488932371e-05,0.8887880583896732
raw,raw driver,2,3,psi_active,right_band_mean,0.008559868413014354,0.00858219526708126,1.0026083174401328
raw,raw driver,2,3,history_driver,max,0.24471110105514526,2802.12109375,11450.7314203067
raw,raw driver,2,3,history_driver,p999,0.11167380213737488,2550.511962890625,22838.946235153053
raw,raw driver,2,3,history_driver,p99,0.03606931470334493,0.056455522775650024,1.5651953257214104
raw,raw driver,2,3,history_driver,domain_mean,0.004844292909157893,1.8694508075714111,385.90788018563205
raw,raw driver,2,3,history_driver,tip_2l0_mean,0.0567145000160518,8.775322914123535,154.7280309557498
raw,raw driver,2,3,history_driver,tip_2l0_integral,7.168713248163523e-05,0.011092009022831917,154.72803331439516
raw,raw driver,2,3,history_driver,right_band_mean,0.008559855714840628,0.008581114932894707,1.0024835953738356
raw,raw driver,19,20,alpha_bar,max,2.3945114612579346,56057.3671875,23410.774220329175
raw,raw driver,19,20,alpha_bar,p999,1.1583194253444706,51406.96875,44380.64978035931
raw,raw driver,19,20,alpha_bar,p99,0.677829414010042,1.1262598037719727,1.6615682065329893
raw,raw driver,19,20,alpha_bar,domain_mean,0.09255868067561585,39.63743209838867,428.2411094136411
raw,raw driver,19,20,alpha_bar,tip_2l0_mean,0.4711684432030364,510.1363220214844,1082.7047723178182
raw,raw driver,19,20,alpha_bar,tip_2l0_integral,0.0005955569492722696,0.6448123455047607,1082.7047628151731
raw,raw driver,19,20,alpha_bar,right_band_mean,0.17089664378161334,0.1713060736656189,1.0023957748668766
raw,raw driver,19,20,delta_alpha_bar,max,0.2915639281272888,2819.002197265625,9668.556104906524
raw,raw driver,19,20,delta_alpha_bar,p999,0.1082409462928785,2598.6494140625,24008.007164230352
raw,raw driver,19,20,delta_alpha_bar,p99,0.041770939528942015,0.056812744587659836,1.3601021482482034
raw,raw driver,19,20,delta_alpha_bar,domain_mean,0.004272547468768581,2.155163288116455,504.4211454337823
raw,raw driver,19,20,delta_alpha_bar,tip_2l0_mean,0.0032813145637630185,50.06735610961914,15258.3225828254
raw,raw driver,19,20,delta_alpha_bar,tip_2l0_integral,4.1475818667152575e-06,0.06328514218330383,15258.322612308915
raw,raw driver,19,20,delta_alpha_bar,right_band_mean,0.008515205600063297,0.008538644760847092,1.0027526241742912
raw,raw driver,19,20,psi_raw,max,842.2301635742188,2819.002197265625,3.3470686745562155
raw,raw driver,19,20,psi_raw,p999,654.114823425293,2598.6494140625,3.972772548487114
raw,raw driver,19,20,psi_raw,p99,401.088198852539,0.056812744587659836,0.00014164651253812424
raw,raw driver,19,20,psi_raw,domain_mean,1.1144562220934804,2.155163288116455,1.9338249860259475
raw,raw driver,19,20,psi_raw,tip_2l0_mean,48.94149887901553,50.06735610961914,1.0230041428315622
raw,raw driver,19,20,psi_raw,tip_2l0_integral,0.06186205843297202,0.06328514218330383,1.0230041448083034
raw,raw driver,19,20,psi_raw,right_band_mean,0.008514877528284918,0.008538644760847092,1.0027912594729897
raw,raw driver,19,20,g_alpha,max,1.0000573043462422,1.0011016130447388,1.0010442488584985
raw,raw driver,19,20,g_alpha,p999,1.0000456019022517,1.0010480880737305,1.001002440458287
raw,raw driver,19,20,g_alpha,p99,1.0000405014353315,1.0009682178497314,1.0009276788420753
raw,raw driver,19,20,g_alpha,domain_mean,0.987382501311347,0.9890530109405518,1.0016918566279898
raw,raw driver,19,20,g_alpha,tip_2l0_mean,0.41810288206861745,0.4499850273132324,1.0762543063249743
raw,raw driver,19,20,g_alpha,tip_2l0_integral,0.0005284820758240556,0.0005687811062671244,1.0762542994106867
raw,raw driver,19,20,g_alpha,right_band_mean,1.0000394367602232,1.0008527040481567,1.0008132352165713
raw,raw driver,19,20,psi_active,max,0.3224991727161346,0.743070125579834,2.3040993231752815
raw,raw driver,19,20,psi_active,p999,0.10472564843095324,0.10766812413930893,1.0280969920209728
raw,raw driver,19,20,psi_active,p99,0.03415577241922712,0.034509025514125824,1.010342412713227
raw,raw driver,19,20,psi_active,domain_mean,0.004197366516029803,0.004250378347933292,1.012629783865916
raw,raw driver,19,20,psi_active,tip_2l0_mean,0.0009012618220446963,0.0007574359187856317,0.8404171798459561
raw,raw driver,19,20,psi_active,tip_2l0_integral,1.139195013960662e-06,9.573990382705233e-07,0.8404171599574641
raw,raw driver,19,20,psi_active,right_band_mean,0.00851520999611085,0.008545844815671444,1.003597658727687
raw,raw driver,19,20,history_driver,max,0.2915639281272888,2819.002197265625,9668.556104906524
raw,raw driver,19,20,history_driver,p999,0.1082409462928785,2598.6494140625,24008.007164230352
raw,raw driver,19,20,history_driver,p99,0.041770939528942015,0.056812744587659836,1.3601021482482034
raw,raw driver,19,20,history_driver,domain_mean,0.004272547468768581,2.155163288116455,504.4211454337823
raw,raw driver,19,20,history_driver,tip_2l0_mean,0.0032813145637630185,50.06735610961914,15258.3225828254
raw,raw driver,19,20,history_driver,tip_2l0_integral,4.1475818667152575e-06,0.06328514218330383,15258.322612308915
raw,raw driver,19,20,history_driver,right_band_mean,0.008515205600063297,0.008538644760847092,1.0027526241742912
raw,raw driver,39,40,alpha_bar,max,6.920406818389893,112144.7265625,16204.932673104278
raw,raw driver,39,40,alpha_bar,p999,2.6288248476982123,103768.2890625,39473.26089577975
raw,raw driver,39,40,alpha_bar,p99,2.1244487714767444,2.820370674133301,1.327577634255124
raw,raw driver,39,40,alpha_bar,domain_mean,0.1685644438132181,87.72781372070312,520.4407984041525
raw,raw driver,39,40,alpha_bar,tip_2l0_mean,0.5867260319383277,2069.232421875,3526.743845060044
raw,raw driver,39,40,alpha_bar,tip_2l0_integral,0.000741621750523811,2.6155099868774414,3526.743902845479
raw,raw driver,39,40,alpha_bar,right_band_mean,0.3398811550284007,0.3410903215408325,1.0035576156387098
raw,raw driver,39,40,delta_alpha_bar,max,0.32408857345581055,2786.52880859375,8598.047067443718
raw,raw driver,39,40,delta_alpha_bar,p999,0.1535134221911446,2621.33056640625,17075.578988411482
raw,raw driver,39,40,delta_alpha_bar,p99,0.10299158096313477,0.06929474323987961,0.6728194925436017
raw,raw driver,39,40,delta_alpha_bar,domain_mean,0.003321027827529084,2.6557912826538086,799.689560153362
raw,raw driver,39,40,delta_alpha_bar,tip_2l0_mean,0.00796460246819498,101.69254302978516,12768.062616542838
raw,raw driver,39,40,delta_alpha_bar,tip_2l0_integral,1.0067258146319811e-05,0.12853938341140747,12768.062718089368
raw,raw driver,39,40,delta_alpha_bar,right_band_mean,0.008370722328117239,0.00843112450093031,1.0072158853734976
raw,raw driver,39,40,psi_raw,max,1640.9962158203125,2786.52880859375,1.6980714408294968
raw,raw driver,39,40,psi_raw,p999,1249.4049399414068,2621.33056640625,2.0980632320288266
raw,raw driver,39,40,psi_raw,p99,490.35635375976057,0.06929474323987961,0.0001413150715975612
raw,raw driver,39,40,psi_raw,domain_mean,1.4467157402873174,2.6557912826538086,1.835738154149321
raw,raw driver,39,40,psi_raw,tip_2l0_mean,93.79736843100262,101.69254302978516,1.084172666364198
raw,raw driver,39,40,psi_raw,tip_2l0_integral,0.11855988107519128,0.12853938341140747,1.084172674986804
raw,raw driver,39,40,psi_raw,right_band_mean,0.008370327883069819,0.00843112450093031,1.0072633496214
raw,raw driver,39,40,g_alpha,max,1.0000779981830776,1.0021032094955444,1.0020250533619839
raw,raw driver,39,40,g_alpha,p999,1.000054475528796,1.0020254850387573,1.0019709021440248
raw,raw driver,39,40,g_alpha,p99,1.0000519595853203,1.0018826723098755,1.0018306176064233
raw,raw driver,39,40,g_alpha,domain_mean,0.9848756124301707,0.9880548119544983,1.0032280213706204
raw,raw driver,39,40,g_alpha,tip_2l0_mean,0.41489257236715404,0.4423758089542389,1.0662418139478378
raw,raw driver,39,40,g_alpha,tip_2l0_integral,0.0005244242441088726,0.0005591630470007658,1.0662417942765463
raw,raw driver,39,40,g_alpha,right_band_mean,1.000048970867499,1.0016961097717285,1.0016470582463584
raw,raw driver,39,40,psi_active,max,0.2979344434513358,0.5928293466567993,1.9897979561857246
raw,raw driver,39,40,psi_active,p999,0.10317979629706082,0.10405676811933517,1.0084994529331062
raw,raw driver,39,40,psi_active,p99,0.034360761370532344,0.034244805574417114,0.9966253426440465
raw,raw driver,39,40,psi_active,domain_mean,0.0031361779713216897,0.003337571397423744,1.064216198169768
raw,raw driver,39,40,psi_active,tip_2l0_mean,0.0025970015877111218,0.0005756837199442089,0.22167245590773402
raw,raw driver,39,40,psi_active,tip_2l0_integral,3.282610211155391e-06,7.276642577380699e-07,0.22167245299646815
raw,raw driver,39,40,psi_active,right_band_mean,0.008370723935258402,0.008445207960903645,1.0088981581785905
raw,raw driver,39,40,history_driver,max,0.32408857345581055,2786.52880859375,8598.047067443718
raw,raw driver,39,40,history_driver,p999,0.1535134221911446,2621.33056640625,17075.578988411482
raw,raw driver,39,40,history_driver,p99,0.10299158096313477,0.06929474323987961,0.6728194925436017
raw,raw driver,39,40,history_driver,domain_mean,0.003321027827529084,2.6557912826538086,799.689560153362
raw,raw driver,39,40,history_driver,tip_2l0_mean,0.00796460246819498,101.69254302978516,12768.062616542838
raw,raw driver,39,40,history_driver,tip_2l0_integral,1.0067258146319811e-05,0.12853938341140747,12768.062718089368
raw,raw driver,39,40,history_driver,right_band_mean,0.008370722328117239,0.00843112450093031,1.0072158853734976
raw,raw driver,68,69,alpha_bar,max,18.459121704101562,191141.21875,10354.838210288683
raw,raw driver,68,69,alpha_bar,p999,8.433470001220847,179634.765625,21300.21990936064
raw,raw driver,68,69,alpha_bar,p99,5.670693426132202,6.83831787109375,1.205905055558249
raw,raw driver,68,69,alpha_bar,domain_mean,0.23574995771802848,178.6393280029297,757.7491412176344
raw,raw driver,68,69,alpha_bar,tip_2l0_mean,1.0786265809304356,5774.95263671875,5353.986948603853
raw,raw driver,68,69,alpha_bar,tip_2l0_integral,0.0013633840831443213,7.2995405197143555,5353.9868991866915
raw,raw driver,68,69,alpha_bar,right_band_mean,0.584365829154561,0.5814299583435059,0.9949759711047741
raw,raw driver,68,69,delta_alpha_bar,max,0.5624628067016602,2669.9921875,4746.966653950169
raw,raw driver,68,69,delta_alpha_bar,p999,0.2731819796562197,2596.0478515625,9502.99816565296
raw,raw driver,68,69,delta_alpha_bar,p99,0.12568044662475586,0.6499730944633484,5.1716325961505625
raw,raw driver,68,69,delta_alpha_bar,domain_mean,0.001195043674875665,3.6221625804901123,3030.9876171404117
raw,raw driver,68,69,delta_alpha_bar,tip_2l0_mean,0.028948476696991323,145.2313232421875,5016.889999510119
raw,raw driver,68,69,delta_alpha_bar,tip_2l0_integral,3.659087682217771e-05,0.18357239663600922,5016.889798189971
raw,raw driver,68,69,delta_alpha_bar,right_band_mean,0.010090511349588813,0.008221150375902653,0.8147407094723365
raw,raw driver,68,69,psi_raw,max,2216.02978515625,2669.9921875,1.2048539263256073
raw,raw driver,68,69,psi_raw,p999,2171.030036865241,2596.0478515625,1.1957678187220955
raw,raw driver,68,69,psi_raw,p99,500.73057983398337,0.6499730944633484,0.0012980495313045315
raw,raw driver,68,69,psi_raw,domain_mean,2.5315790875767505,3.6221625804901123,1.4307917924686595
raw,raw driver,68,69,psi_raw,tip_2l0_mean,93.69374156176028,145.2313232421875,1.5500642926769566
raw,raw driver,68,69,psi_raw,tip_2l0_integral,0.11842889670431733,0.18357239663600922,1.550064230475239
raw,raw driver,68,69,psi_raw,right_band_mean,0.043624748649762644,0.008221150375902653,0.1884515242002978
raw,raw driver,68,69,g_alpha,max,1.0000820059315563,1.0034633874893188,1.0033811042871559
raw,raw driver,68,69,g_alpha,p999,1.000057839294019,1.0033578872680664,1.0032998571126417
raw,raw driver,68,69,g_alpha,p99,1.000056432597559,1.0032284259796143,1.0031718143883304
raw,raw driver,68,69,g_alpha,domain_mean,0.9796414867973734,0.985370934009552,1.0058485142671012
raw,raw driver,68,69,g_alpha,tip_2l0_mean,0.40576307249798227,0.4324195384979248,1.065694657317726
raw,raw driver,68,69,g_alpha,tip_2l0_integral,0.0005128845555560835,0.0005465783178806305,1.065694632368127
raw,raw driver,68,69,g_alpha,right_band_mean,0.9941050613275884,1.002830147743225,1.0087768252622964
raw,raw driver,68,69,psi_active,max,0.3319188272720554,0.5222652554512024,1.5734728269063527
raw,raw driver,68,69,psi_active,p999,0.1465283987958004,0.09812377393245697,0.6696570408115949
raw,raw driver,68,69,psi_active,p99,0.04365398870732709,0.03340968117117882,0.7653294042652093
raw,raw driver,68,69,psi_active,domain_mean,0.0009419260876235448,0.001574755646288395,1.671846301933799
raw,raw driver,68,69,psi_active,tip_2l0_mean,0.012902411666071674,0.0002693945134524256,0.020879392196175885
raw,raw driver,68,69,psi_active,tip_2l0_integral,1.6308649360859972e-05,3.405146742352372e-07,0.020879391462818322
raw,raw driver,68,69,psi_active,right_band_mean,0.01009850968688296,0.00824457872658968,0.8164153902133334
raw,raw driver,68,69,history_driver,max,0.5624628067016602,2669.9921875,4746.966653950169
raw,raw driver,68,69,history_driver,p999,0.2731819796562197,2596.0478515625,9502.99816565296
raw,raw driver,68,69,history_driver,p99,0.12568044662475586,0.6499730944633484,5.1716325961505625
raw,raw driver,68,69,history_driver,domain_mean,0.001195043674875665,3.6221625804901123,3030.9876171404117
raw,raw driver,68,69,history_driver,tip_2l0_mean,0.028948476696991323,145.2313232421875,5016.889999510119
raw,raw driver,68,69,history_driver,tip_2l0_integral,3.659087682217771e-05,0.18357239663600922,5016.889798189971
raw,raw driver,68,69,history_driver,right_band_mean,0.010090511349588813,0.008221150375902653,0.8147407094723365
