cycle,field,metric,FEM_projected_to_PIDL,PIDL_native,PIDL_over_FEM_projected,FEM_projected_over_PIDL
1,damage_alpha,crack_strip_mean,4.954131759031276e-05,0.20090928673744202,4055.388441601068,0.00024658550331252605
1,damage_alpha,domain_mean,-2.0920767551479e-06,0.007996265776455402,-3822.166541824659,-0.00026163171830880275
1,damage_alpha,max,0.05230533701502501,1.0005749464035034,19.12950003775107,0.052275281529917256
1,damage_alpha,p99,-3.6454625685383337e-06,0.9649327397346497,-264694.1839596351,-3.777944740004171e-06
1,damage_alpha,right_band_mean,-3.973383174183513e-06,-4.2370684241177514e-05,10.663629049540189,0.09377670541185222
1,damage_alpha,tip_2l0_mean,0.0009454641200877852,0.3182733356952667,336.6318498323505,0.002970604238719599
1,damage_alpha,tip_l0_mean,0.0038203321733453473,0.5787380933761597,151.48894575556673,0.006601141720357198
1,damage_alpha,top1_mean,0.0019302178573420597,0.9927102327346802,514.2995796866462,0.001944392022659794
1,psi_plus_raw,crack_strip_mean,0.010643430609263238,49.80377960205078,4679.29762784429,0.0002137072867623278
1,psi_plus_raw,domain_mean,0.00586773356233984,1.9959760904312134,340.16133643861133,0.0029397814886009815
1,psi_plus_raw,max,1.1890506329586406,3886.93408203125,3268.9390798772247,0.0003059096470031366
1,psi_plus_raw,p99,0.04865400718112616,1.1879156827926636,24.415577495402665,0.04095745841720497
1,psi_plus_raw,right_band_mean,0.008168085122540567,0.00862086284905672,1.055432542600061,0.9474788389000184
1,psi_plus_raw,tip_2l0_mean,0.057991585613608856,6.220847129821777,107.2715474839842,0.009322136423447248
1,psi_plus_raw,tip_l0_mean,0.1165798847980624,6.792237281799316,58.262514957573586,0.017163694370697764
1,psi_plus_raw,top1_mean,0.09582283136995888,1715.3463134765625,17901.227598398178,5.5862090714353084e-05
1,psi_plus_active,crack_strip_mean,0.010599088349934916,0.007283069659024477,0.6871411406877459,1.4553050905948082
1,psi_plus_active,domain_mean,0.0058662076437624305,0.004805035889148712,0.8191042971787629,1.220845749978721
1,psi_plus_active,max,1.0679174959689288,0.3754083216190338,0.3515330753883972,2.8446825349083675
1,psi_plus_active,p99,0.04855233959979232,0.04481223598122597,0.9229675923056373,1.0834616603405656
1,psi_plus_active,right_band_mean,0.00816815817661499,0.008621586486697197,1.0555116955717567,0.9474077873275608
1,psi_plus_active,tip_2l0_mean,0.05720375791972245,0.05623673275113106,0.9830950762020132,1.0171956143482028
1,psi_plus_active,tip_l0_mean,0.11340495327242829,0.09365645796060562,0.8258586177943954,1.2108610099276806
1,psi_plus_active,top1_mean,0.09422274854390685,0.0835312008857727,0.8865290195482677,1.1279946600163766
1,alpha_bar,crack_strip_mean,0.010596741570895353,0.014665866270661354,1.3839977291644177,0.7225445381357276
1,alpha_bar,domain_mean,0.005866115952656406,0.009616394527256489,1.6393120430737156,0.6100119890078991
1,alpha_bar,max,1.0595311610492957,0.7367163896560669,0.695323003927952,1.438180520924658
1,alpha_bar,p99,0.04855226483491007,0.08936670422554016,1.8406289496362211,0.5432925523624076
1,alpha_bar,right_band_mean,0.0081681457750472,0.017243165522813797,2.1110256841264756,0.47370337912955873
1,alpha_bar,tip_2l0_mean,0.05716232320870662,0.11251669377088547,1.9683716030937595,0.5080341529151632
1,alpha_bar,tip_l0_mean,0.11323820324839096,0.18827565014362335,1.6626513379997367,0.6014490092691691
1,alpha_bar,top1_mean,0.09413830612461395,0.16933673620224,1.7988079791671991,0.5559237070223436
1,fatigue_f,crack_strip_mean,0.9998982535516584,0.9999338114870427,1.000035561553646,0.999964439710933
1,fatigue_f,domain_mean,0.9999963134253985,0.9999973511115934,1.0000010376900204,0.9999989623110564
1,fatigue_f,max,1.0,1.0,1.0,1.0
1,fatigue_f,p99,1.0,1.0,1.0,1.0
1,fatigue_f,right_band_mean,0.9999999388283364,1.0000000691391773,1.0000001303108488,0.9999998696891681
1,fatigue_f,tip_2l0_mean,0.9981952861580432,0.9979110090071968,0.9997152088826821,1.0002848722464033
1,fatigue_f,tip_l0_mean,0.9927290963135186,0.9916071433802804,0.9988698297074151,1.0011314490226577
1,fatigue_f,top1_mean,1.0,1.0,1.0,1.0
40,damage_alpha,crack_strip_mean,0.06576547915047357,0.28885310888290405,4.392169153394271,0.22767793431343586
40,damage_alpha,domain_mean,0.0023103829968230496,0.010800689458847046,4.674848054932367,0.2139106957593871
40,damage_alpha,max,1.012284722535133,1.0011467933654785,0.9889972367243072,1.0111251708974796
40,damage_alpha,p99,0.7347778236306921,0.9943327903747559,1.3532427876790674,0.738965697142262
40,damage_alpha,right_band_mean,-2.6038714270325714e-05,-0.0008611703524366021,33.072691051340065,0.03023642673792888
40,damage_alpha,tip_2l0_mean,0.13851242697029095,0.47956669330596924,3.462264749781836,0.28882828791848225
40,damage_alpha,tip_l0_mean,0.23167037842602647,0.7271617650985718,3.1387774735765723,0.31859537938524857
40,damage_alpha,top1_mean,0.8847448522263361,0.9996974468231201,1.129927395799503,0.8850126156047662
40,psi_plus_raw,crack_strip_mean,15.456881107561092,71.51602935791016,4.626808530145608,0.216131701470804
40,psi_plus_raw,domain_mean,0.5534172959642776,2.862804889678955,5.172958833335317,0.19331296308716997
40,psi_plus_raw,max,7369.896150691813,3951.3662109375,0.5361495101347642,1.86515138239825
40,psi_plus_raw,p99,0.09180401902098344,605.7944946289062,6598.779673147438,0.00015154317154569087
40,psi_plus_raw,right_band_mean,0.008342872767909994,0.008473481982946396,1.0156551848110134,0.9845861222931418
40,psi_plus_raw,tip_2l0_mean,82.0894952814401,112.41901397705078,1.3694689386458927,0.7302100630254402
40,psi_plus_raw,tip_l0_mean,193.60854770371662,218.5890350341797,1.1290257461601916,0.8857193942662449
40,psi_plus_raw,top1_mean,559.6302967912656,2435.96142578125,4.352804770842902,0.22973692886445587
40,psi_plus_active,crack_strip_mean,0.009754650707204557,0.005568008404225111,0.5708055133242967,1.7519101982321976
40,psi_plus_active,domain_mean,0.004750909677444158,0.0033804255072027445,0.7115322615481312,1.4054176515120047
40,psi_plus_active,max,1.119593409023411,0.3894275426864624,0.34782943481790307,2.874972328099615
40,psi_plus_active,p99,0.053593564403371916,0.042184580117464066,0.7871202557076044,1.2704539017370622
40,psi_plus_active,right_band_mean,0.008343314806688167,0.008487883023917675,1.0173274316718361,0.9829676944389861
40,psi_plus_active,tip_2l0_mean,0.0033827140175266045,0.001029031933285296,0.3042030535107755,3.287277982449897
40,psi_plus_active,tip_l0_mean,0.009574156461211555,0.0013348013162612915,0.1394171195832306,7.172720272728128
40,psi_plus_active,top1_mean,0.09933455743334309,0.0764133557677269,0.7692524911987744,1.299963290910683
40,alpha_bar,crack_strip_mean,0.4151656202550465,0.26623377203941345,0.641271239838837,1.5594025396356743
40,alpha_bar,domain_mean,0.21721726758043475,0.17362141609191895,0.7992984076536529,1.2510972002753118
40,alpha_bar,max,96.29668913911064,7.20160436630249,0.07478558640680802,13.371560591373074
40,alpha_bar,p99,1.1519404106934565,1.047767162322998,0.9095671552074927,1.0994240439254621
40,alpha_bar,right_band_mean,0.32934790970734246,0.351724773645401,1.0679429359607673,0.9363796194787852
40,alpha_bar,tip_2l0_mean,0.787987847925464,0.5296473503112793,0.6721516730311035,1.487759444963437
40,alpha_bar,tip_l0_mean,1.6134510176558519,0.7271772027015686,0.45069679509581184,2.2187865786518715
40,alpha_bar,top1_mean,1.8647122334672674,1.477790355682373,0.7925031697435441,1.2618246061067522
40,fatigue_f,crack_strip_mean,0.897461003021017,0.9230023638103148,1.0284595773000955,0.9723279573371203
40,fatigue_f,domain_mean,0.993869190421463,0.9924113604212365,0.9985331771884303,1.001468977541337
40,fatigue_f,max,1.0,1.0,1.0,1.0
40,fatigue_f,p99,1.0,1.0,1.0,1.0
40,fatigue_f,right_band_mean,0.9999999388283364,0.9700122058560493,0.9700122651933133,1.0309147996192713
40,fatigue_f,tip_2l0_mean,0.768883950832991,0.8104995668603832,1.0541247037115378,0.9486543636431568
40,fatigue_f,tip_l0_mean,0.634763865304361,0.7348608873718758,1.1576917457636307,0.8637877946865598
40,fatigue_f,top1_mean,1.0,1.0,1.0,1.0
70,damage_alpha,crack_strip_mean,0.19055646668036838,0.3952506184577942,2.074191578713366,0.4821155433580086
70,damage_alpha,domain_mean,0.006744034263032469,0.01470598578453064,2.180591795795246,0.4585911044553423
70,damage_alpha,max,1.0260706379278528,1.0010703802108765,0.9756349545607657,1.0249735265483633
70,damage_alpha,p99,0.9490728213507926,0.9995526075363159,1.0531885278451834,0.9494976194300115
70,damage_alpha,right_band_mean,-2.1667132680099188e-05,-0.0014415206387639046,66.53029083483258,0.015030747460319837
70,damage_alpha,tip_2l0_mean,0.15359864161936054,0.5146502256393433,3.3506170381032425,0.29845249057949397
70,damage_alpha,tip_l0_mean,0.2657672702635125,0.7531002759933472,2.8336833021110395,0.35289758712803904
70,damage_alpha,top1_mean,0.982213952475863,1.0004781484603882,1.0185949262260903,0.9817445328389914
70,psi_plus_raw,crack_strip_mean,77.9471257625562,100.31434631347656,1.2869537565638502,0.7770286965632603
70,psi_plus_raw,domain_mean,2.77093805908153,4.0125274658203125,1.448075482116813,0.6905717363145938
70,psi_plus_raw,max,12769.637900303296,4106.39013671875,0.3215745167387415,3.1096991457579812
70,psi_plus_raw,p99,16.508791793426177,2003.572265625,121.36395507894316,0.008239678736157979
70,psi_plus_raw,right_band_mean,0.008351310278759787,0.008275323547422886,0.9909012204312225,1.0091823275430196
70,psi_plus_raw,tip_2l0_mean,131.35248905230156,163.55429077148438,1.245155626296208,0.8031124615117882
70,psi_plus_raw,tip_l0_mean,290.53833202670313,313.9607238769531,1.0806172173112678,0.9253970638077976
70,psi_plus_raw,top1_mean,2833.3711491411464,2939.201904296875,1.0373515327096516,0.9639933701046489
70,psi_plus_active,crack_strip_mean,0.008670783979786949,0.0037591003347188234,0.433536384193392,2.3066114782050673
70,psi_plus_active,domain_mean,0.00264150744412647,0.001492665964178741,0.5650811121118594,1.769657450171591
70,psi_plus_active,max,3.110249515818182,0.4040643274784088,0.12991379804848735,7.697411783979812
70,psi_plus_active,p99,0.06019939409958021,0.04045029729604721,0.6719386116932576,1.4882311904655117
70,psi_plus_active,right_band_mean,0.008351678721948027,0.008299468085169792,0.9937484859611486,1.0062908413216902
70,psi_plus_active,tip_2l0_mean,0.008559721897524193,0.0003949305973947048,0.04613825099959547,21.67399019977519
70,psi_plus_active,tip_l0_mean,0.030531270678158157,0.0005705930525436997,0.018688807896616557,53.507960782294795
70,psi_plus_active,top1_mean,0.11792080804685331,0.07306274771690369,0.6195916473695954,1.6139662376750625
70,alpha_bar,crack_strip_mean,0.6991394184387962,0.40529897809028625,0.5797112384184168,1.7249967461873361
70,alpha_bar,domain_mean,0.3318712431122821,0.24695849418640137,0.7441394797284313,1.3438340892287333
70,alpha_bar,max,207.99174061364437,8.69021987915039,0.041781562352001915,23.934002074292614
70,alpha_bar,p99,1.2863975551363867,1.1852902173995972,0.9214027286253123,1.0853017566943297
70,alpha_bar,right_band_mean,0.5822987963692051,0.6018425822257996,1.0335631568851857,0.967526747967358
70,alpha_bar,tip_2l0_mean,1.0509668052598962,0.5494279265403748,0.52278333034934,1.9128383441984829
70,alpha_bar,tip_l0_mean,2.529936535257448,0.754026472568512,0.2980416552195377,3.355235694364264
70,alpha_bar,top1_mean,3.044033173670488,1.750220537185669,0.5749676292375149,1.7392283480830664
70,fatigue_f,crack_strip_mean,0.7298853080230748,0.8238888566639558,1.1287922192809903,0.8859026337344641
70,fatigue_f,domain_mean,0.9347927286557198,0.9472881536139126,1.0133670540807072,0.9868092671585488
70,fatigue_f,max,1.0,1.0,1.0,1.0
70,fatigue_f,p99,1.0,1.0,1.0,1.0
70,fatigue_f,right_band_mean,0.8392792096011317,0.8258491628443367,0.983998118143332,1.0162621061581512
70,fatigue_f,tip_2l0_mean,0.7575351581076278,0.8059951298888377,1.0639705910181991,0.9398756022410539
70,fatigue_f,tip_l0_mean,0.6209206942824617,0.7311749096006512,1.1775656961242043,0.8492095203616771
70,fatigue_f,top1_mean,1.0,1.0,1.0,1.0
82,damage_alpha,crack_strip_mean,0.290579215857746,0.44747117161750793,1.5399283472379144,0.6493808635925468
82,damage_alpha,domain_mean,0.010297267123263436,0.0168971698731184,1.640937315780083,0.6094078002757901
82,damage_alpha,max,1.0272507197033074,1.0010786056518555,0.9745221750158413,1.0261439150768883
82,damage_alpha,p99,0.9796891485540506,1.0002089738845825,1.0209452410091686,0.9794844618811631
82,damage_alpha,right_band_mean,0.0182073579828982,0.013950418680906296,0.7661967592447866,1.3051477808202492
82,damage_alpha,tip_2l0_mean,0.1550106994503731,0.5292672514915466,3.4143917379135,0.2928779345661988
82,damage_alpha,tip_l0_mean,0.26895216488506546,0.7647947072982788,2.8436086678280046,0.3516658291676318
82,damage_alpha,top1_mean,0.9947086688410007,1.0004830360412598,1.0058050838211625,0.9942284206805673
82,psi_plus_raw,crack_strip_mean,197.7201902437207,132.17510986328125,0.6684957651535485,1.4958957889139468
82,psi_plus_raw,domain_mean,7.023210883467614,5.2851762771606445,0.7525299132910503,1.3288508301639268
82,psi_plus_raw,max,16884.141759134458,4513.1953125,0.26730380358588995,3.74106161822228
82,psi_plus_raw,p99,3255.1522568042947,2670.89990234375,0.8205145847665734,1.2187473794685661
82,psi_plus_raw,right_band_mean,11.519157829231238,5.152536869049072,0.4473015254616874,2.2356284141169396
82,psi_plus_raw,tip_2l0_mean,142.68146574508438,168.6633758544922,1.1820973030640662,0.8459540491361759
82,psi_plus_raw,tip_l0_mean,316.40620836431475,327.1068420410156,1.0338192911321766,0.9672870380517472
82,psi_plus_raw,top1_mean,6200.709924546022,3083.4033203125,0.4972661772334476,2.0109954100709686
82,psi_plus_active,crack_strip_mean,0.004249301666840323,0.00024325701815541834,0.05724635180733081,17.46836206026919
82,psi_plus_active,domain_mean,0.0005366784364781927,1.0857793313334696e-05,0.02023146930326851,49.42794737297919
82,psi_plus_active,max,3.0177512445213956,0.04404532164335251,0.014595411640808697,68.51468287499375
82,psi_plus_active,p99,0.03759551520287957,0.0008798376657068729,0.02340272931382739,42.73005881451421
82,psi_plus_active,right_band_mean,0.003922371316478137,3.8505550037370995e-05,0.009816905879258975,101.86508990707411
82,psi_plus_active,tip_2l0_mean,0.008097799539735087,0.00026967062149196863,0.03330171612284572,30.028482505560056
82,psi_plus_active,tip_l0_mean,0.029907033084987402,0.00044865900417789817,0.015001789141133964,66.65871587663253
82,psi_plus_active,top1_mean,0.0832929126527365,0.007350291591137648,0.08824630280108425,11.331919505501519
82,alpha_bar,crack_strip_mean,0.8090758819846651,0.4375118911266327,0.5407550773277471,1.8492660391497509
82,alpha_bar,domain_mean,0.3533084309804374,0.25729992985725403,0.7282586751276837,1.3731384659780024
82,alpha_bar,max,270.22002154246854,9.157472610473633,0.03388894930213163,29.50814411756046
82,alpha_bar,p99,1.4318746971684801,1.2425684928894043,0.8677913614554211,1.152350719789195
82,alpha_bar,right_band_mean,0.6757047456844328,0.6833617687225342,1.0113319065568283,0.9887950667002995
82,alpha_bar,tip_2l0_mean,1.2163919530317568,0.5539212226867676,0.45538053857242683,2.1959656052384267
82,alpha_bar,tip_l0_mean,3.128280489000543,0.7616553902626038,0.24347413633166434,4.107212433594113
82,alpha_bar,top1_mean,4.115838500432202,1.839970588684082,0.4470463523996065,2.2369045058354895
82,fatigue_f,crack_strip_mean,0.6454747630201418,0.7953045575355489,1.232123396760489,0.8116070213658875
82,fatigue_f,domain_mean,0.9083371949031483,0.9357352105504465,1.0301628247759023,0.9707203326984123
82,fatigue_f,max,1.0,1.0,1.0,1.0
82,fatigue_f,p99,1.0,1.0,1.0,1.0
82,fatigue_f,right_band_mean,0.7286155084850381,0.7440453259314529,1.0211768995673685,0.979262261439384
82,fatigue_f,tip_2l0_mean,0.7548521693874495,0.8051688146391812,1.0666576149507034,0.9375079556772451
82,fatigue_f,tip_l0_mean,0.6166891628285943,0.7302604751996776,1.184162977423117,0.8444783522755642
82,fatigue_f,top1_mean,1.0,1.0,1.0,1.0
