comparison,field,left_area_weighted_mean,right_area_weighted_mean,right_minus_left_area_weighted_mean,left_area_weighted_integral,right_area_weighted_integral,right_minus_left_area_weighted_integral,left_support_area_abs_1e15,right_support_area_abs_1e15,right_minus_left_support_area_abs_1e15,left_support_area_rel_1pct,right_support_area_rel_1pct,right_minus_left_support_area_rel_1pct,left_weighted_centroid_x,right_weighted_centroid_x,right_minus_left_weighted_centroid_x,left_weighted_centroid_y,right_weighted_centroid_y,right_minus_left_weighted_centroid_y,left_weighted_rms_width_x,right_weighted_rms_width_x,right_minus_left_weighted_rms_width_x,left_weighted_rms_width_y,right_weighted_rms_width_y,right_minus_left_weighted_rms_width_y,case_id,start_cycle,end_cycle
P0_parent_c30_to_c31,damage,0.01013685230419395,0.010237898425538535,0.00010104612134458589,0.010136852304193948,0.010237898425538534,0.00010104612134458589,0.0316185913290635,0.03195789360618924,0.0003393022771257387,0.02528565259523521,0.025553531732051885,0.0002678791368166747,-0.17670930074707628,-0.17365350944735858,0.0030557912997176973,-0.0002917850175922483,-0.0002940712484911986,-2.286230898950294e-06,0.18454440089387056,0.18617452831924225,0.0016301274253716913,0.008294362778363934,0.008446896287432679,0.00015253350906874533,P0_parent,30,31
P0_parent_c30_to_c31,history,0.1307704992594748,0.13438848861092942,0.0036179893514546313,0.13077049925947476,0.1343884886109294,0.0036179893514546313,0.9999999999999999,0.9999999999999999,0.0,0.5479204433511558,0.5458332256014141,-0.002087217749741632,0.23633128774480486,0.2374936833921598,0.0011623956473549302,-0.000187250885729785,-0.00018470501428968588,2.5458714400991285e-06,0.1614525384834234,0.16100908248421933,-0.0004434559992040621,0.27249350873835265,0.27239682067885757,-9.668805949508696e-05,P0_parent,30,31
P0_parent_c30_to_c31,fatigue_degradation_deficit,0.002678397679918068,0.002875320686229396,0.00019692300631132809,0.0026783976799180675,0.0028753206862293956,0.00019692300631132809,0.01384625011241546,0.01503377324835219,0.00118752313593673,0.01301359908085975,0.014066492522200047,0.0010528934413402968,0.1409046217971699,0.14662088676181093,0.005716264964641032,0.012044867721389487,0.011381922367047444,-0.0006629453543420434,0.17683581127160578,0.17730176792826668,0.0004659566566609097,0.21159220284782934,0.21485593134198194,0.0032637284941526012,P0_parent,30,31
P0_parent_c30_to_c31,ordinary_degradation_deficit,0.013660295805425863,0.013797459275278378,0.00013716346985251544,0.01366029580542586,0.013797459275278376,0.00013716346985251544,0.0316185913290635,0.03195789360618924,0.0003393022771257387,0.026482274537898642,0.026757348149991998,0.00027507361209335585,-0.17595826136017237,-0.17287344461190643,0.0030848167482659394,-0.0003046766553401037,-0.0003098021249339165,-5.125469593812758e-06,0.18505853434454772,0.1867031188521331,0.0016445845075853671,0.009477749341920376,0.009667585691619403,0.0001898363496990272,P0_parent,30,31
P0_parent_c30_to_c31,raw_driver,2.5518622623822056,2.57718845159653,0.02532618921432439,2.551862262382205,2.5771884515965295,0.02532618921432439,0.9999999999999999,0.9999999999999999,0.0,0.0012735089702382422,0.00128134045419325,7.831483955007823e-06,-0.24441979081793158,-0.24206940734822577,0.0023503834697058135,-0.00035566427588609164,-0.00035221899315229793,3.445282733793712e-06,0.16093653486681134,0.16225335194077703,0.0013168170739656926,0.010237386969839998,0.010114123911901815,-0.00012326305793818222,P0_parent,30,31
P0_parent_c30_to_c31,raw_cyclemax_driver,2.5519178020017277,2.577225210898089,0.025307408896361405,2.5519178020017272,2.5772252108980886,0.025307408896361405,0.9999999999999999,0.9999999999999999,0.0,0.0012735089702382422,0.00128134045419325,7.831483955007823e-06,-0.24441185865496415,-0.2420641512961365,0.0023477073588276387,-0.0003556517755487754,-0.00035220510665812614,3.446668890649243e-06,0.16094376545384895,0.16225816357324846,0.0013143981193995125,0.010237298112014452,0.010114062860833252,-0.00012323525118120016,P0_parent,30,31
P0_parent_c30_to_c31,active_driver,0.0037167973017769394,0.0036698518608887397,-4.6945440888199706e-05,0.003716797301776939,0.0036698518608887392,-4.6945440888199706e-05,0.9999999999999999,0.9999999999999999,0.0,0.010688618609786173,0.01043507670303108,-0.0002535419067550941,0.2696989886592061,0.2721202583868897,0.0024212697276835837,-5.3072311150665233e-05,-8.957550295172188e-05,-3.6503191801056644e-05,0.15055079093908366,0.14978883558127487,-0.0007619553578087912,0.26721982769162056,0.26697301870758955,-0.0002468089840310106,P0_parent,30,31
T3_loading_history_c30_to_c31,damage,0.009206076430426483,0.009398724705222256,0.00019264827479577307,0.009206076430426481,0.009398724705222255,0.00019264827479577307,0.028730098879382306,0.029348057433457933,0.0006179585540756274,0.022573016664452467,0.0230453930436227,0.00047237637917023345,-0.21319272215755608,-0.20767556970986795,0.005517152447688134,-0.00022775446014619297,-0.000255640403672367,-2.7885943526174e-05,0.166090907536559,0.1691802639004643,0.00308935636390531,0.007317733153441859,0.007939210038573449,0.0006214768851315897,T3_loading_history,30,31
T3_loading_history_c30_to_c31,history,0.11160631332344963,0.11614649887243345,0.004540185548983819,0.11160631332344961,0.11614649887243343,0.004540185548983819,0.9999999999999999,0.9999999999999999,0.0,0.5712439288583286,0.5708106600486259,-0.00043326880970273596,0.223551891883892,0.22465653739014874,0.0011046455062567462,-0.00019411415272872854,-0.00020109622766059128,-6.982074931862739e-06,0.16852852780327823,0.16797006061477746,-0.0005584671885007775,0.2731820164312617,0.2731025738527804,-7.944257848130354e-05,T3_loading_history,30,31
T3_loading_history_c30_to_c31,fatigue_degradation_deficit,0.0021624036316728887,0.0023731968567254056,0.0002107932250525169,0.0021624036316728883,0.002373196856725405,0.0002107932250525169,0.009576298344416284,0.010455878472603632,0.0008795801281873475,0.00913525437181319,0.009992205655861574,0.0008569512840483837,0.08678732636805751,0.0932117188038849,0.006424392435827389,0.01445237248070946,0.014857773320620946,0.00040540083991148605,0.16822428712485263,0.17011303484301413,0.0018887477181614987,0.17648969447650067,0.18132494077186612,0.004835246295365442,T3_loading_history,30,31
T3_loading_history_c30_to_c31,ordinary_degradation_deficit,0.01235324053053149,0.012611967145948207,0.00025872661541671664,0.012353240530531488,0.012611967145948205,0.00025872661541671664,0.028730098879382306,0.029348057433457933,0.0006179585540756274,0.023905610396213375,0.02442318654160211,0.0005175761453887345,-0.21209318407400338,-0.20647401586122519,0.005619168212778192,-0.00023148529378915373,-0.00026760115059909864,-3.611585680994491e-05,0.1665974279093205,0.16976008316713453,0.0031626552578140343,0.008256014141378736,0.009050269161326204,0.0007942550199474679,T3_loading_history,30,31
T3_loading_history_c30_to_c31,raw_driver,1.8239081141567055,2.540962290738836,0.7170541765821306,1.8239081141567053,2.5409622907388356,0.7170541765821303,0.9999999999999999,0.9999999999999999,0.0,0.0011671596701003596,0.0011831641315255762,1.600446142521663e-05,-0.2710134575905157,-0.26686231029432544,0.004151147296190261,-0.0004148550842863482,-0.0004092038139852758,5.651270301072395e-06,0.145991798433874,0.14824345049192786,0.00225165205805386,0.011760845058021923,0.011494314124687077,-0.0002665309333348461,T3_loading_history,30,31
T3_loading_history_c30_to_c31,raw_cyclemax_driver,1.8239311567621015,2.541028029705039,0.7170968729429377,1.8239311567621013,2.5410280297050387,0.7170968729429374,0.9999999999999999,0.9999999999999999,0.0,0.0011671596701003596,0.0011831641315255762,1.600446142521663e-05,-0.2710092381416763,-0.26685372511477334,0.004155513026902979,-0.0004148552507491379,-0.00040920558030249003,5.649670446647892e-06,0.14599570275049226,0.14825121016597478,0.002255507415482527,0.011760776894671473,0.011494208181147448,-0.0002665687135240246,T3_loading_history,30,31
T3_loading_history_c30_to_c31,active_driver,0.003455344763993488,0.00458845109587044,0.0011331063318769522,0.0034553447639934878,0.0045884510958704395,0.0011331063318769517,0.9999999999999999,0.9999999999999999,0.0,0.0122086120327962,0.017687398281026813,0.0054787862482306125,0.23939262142470089,0.24583715312889418,0.00644453170419329,-0.0003251333227515122,-0.0003646601832701408,-3.952686051862859e-05,0.16449897815153675,0.1602638131884616,-0.004235164963075133,0.26947202633641876,0.2697125842172757,0.00024055788085691754,T3_loading_history,30,31
P0_parent_c60_to_c61,damage,0.014632605232816306,0.01481635945255548,0.0001837542197391743,0.014632605232816304,0.014816359452555479,0.0001837542197391743,0.04768440924996798,0.04819968532634502,0.0005152760763770386,0.03649038407451154,0.036917744813713974,0.000427360739202437,-0.04593327381650743,-0.0407529656883247,0.00518030812818273,-0.0005018654031649484,-0.000503069488879347,-1.2040857143986701e-06,0.25278797025587685,0.25545926196598473,0.0026712917101078815,0.012250984159100156,0.012302999917456169,5.201575835601241e-05,P0_parent,60,61
P0_parent_c60_to_c61,history,0.20942647461201333,0.21096265300940695,0.0015361783973936172,0.2094264746120133,0.21096265300940692,0.0015361783973936172,0.9999999999999999,0.9999999999999999,0.0,0.49485248320511016,0.49329884322983225,-0.0015536399752779095,0.2696204379214715,0.27047495288610107,0.0008545149646295713,-0.00024141840885427663,-0.00024198515273114355,-5.667438768669182e-07,0.15562884666637866,0.1557181159398369,8.926927345823121e-05,0.2681912727627447,0.2680077061497682,-0.00018356661297647126,P0_parent,60,61
P0_parent_c60_to_c61,fatigue_degradation_deficit,0.019947430461899243,0.021240879900994408,0.001293449439095165,0.01994743046189924,0.021240879900994405,0.001293449439095165,0.1692529893130037,0.18177852315002624,0.01252553383702254,0.1508671654690627,0.16260653905609837,0.011739373587035667,0.3073067743094706,0.3126472094980701,0.005340435188599502,-0.00026685336553159,-0.00017537238664390084,9.148097888768918e-05,0.14084274669436153,0.13917432746345273,-0.0016684192309087964,0.24916242389610635,0.24906305571047607,-9.93681856302775e-05,P0_parent,60,61
P0_parent_c60_to_c61,ordinary_degradation_deficit,0.019727314369362616,0.019974315586635618,0.00024700121727300184,0.019727314369362613,0.019974315586635615,0.00024700121727300184,0.04768440924996798,0.04819968532634502,0.0005152760763770386,0.03801745426149628,0.03846104369323685,0.0004435894317405681,-0.04483238400192992,-0.03966258272442817,0.0051698012775017455,-0.0005793434392842472,-0.0005810065236426282,-1.6630843583810128e-06,0.253351991965977,0.2560103711287964,0.0026583791628193576,0.0142234069246851,0.014282667397436796,5.9260472751695645e-05,P0_parent,60,61
P0_parent_c60_to_c61,raw_driver,3.685322126887113,3.7329428488163434,0.04762072192923039,3.6853221268871126,3.732942848816343,0.04762072192923039,0.9999999999999999,0.9999999999999999,0.0,0.001757683734161763,0.001777365553519921,1.9681819358158053e-05,-0.13291493305989466,-0.12794355405110738,0.0049713790087872745,-0.00031209792931252505,-0.00031236338944002284,-2.6546012749778785e-07,0.22379575932716464,0.22654113533143194,0.0027453760042673025,0.0051861505857723235,0.004977706483760326,-0.00020844410201199728,P0_parent,60,61
P0_parent_c60_to_c61,raw_cyclemax_driver,3.685352923016803,3.7330167225518305,0.04766379953502753,3.6853529230168025,3.73301672255183,0.04766379953502753,0.9999999999999999,0.9999999999999999,0.0,0.001757683734161763,0.001777365553519921,1.9681819358158053e-05,-0.132910809254081,-0.12793375833752108,0.004977050916559922,-0.00031209755594615793,-0.00031236200336368173,-2.6444741752380254e-07,0.2237993709694144,0.22654959581569378,0.0027502248462793755,0.005186137594226182,0.004977731427079734,-0.00020840616714644725,P0_parent,60,61
P0_parent_c60_to_c61,active_driver,0.0016620336518824166,0.0015811892712700732,-8.084438061234335e-05,0.0016620336518824164,0.001581189271270073,-8.084438061234335e-05,0.9999999999999999,0.9999999999999999,0.0,0.006952962000416693,0.0069117727507284525,-4.1189249688240205e-05,0.362279605949835,0.36477318018874216,0.0024935742389071702,-0.0003198951486946546,-0.00030198081639557753,1.7914332299077095e-05,0.161327554821324,0.16443825763320605,0.0031107028118820546,0.2407942713661298,0.23821539805683103,-0.0025788733092987626,P0_parent,60,61
T3_loading_history_c60_to_c61,damage,0.015334041866623325,0.015437438328897397,0.00010339646227407184,0.015334041866623323,0.015437438328897395,0.00010339646227407184,0.050080956402903797,0.05038155775127036,0.0003006013483665623,0.038008592736939927,0.03825203641754784,0.00024344368060791322,-0.03368820780110226,-0.030770682239224113,0.0029175255618781454,-0.00042968450265840513,-0.0004234048183976432,6.279684260761915e-06,0.2628044549087822,0.2643390355043872,0.0015345805956050174,0.0119623443470882,0.012007584742054366,4.524039496616589e-05,T3_loading_history,60,61
T3_loading_history_c60_to_c61,history,0.20444991341482607,0.20571546789047854,0.001265554475652464,0.20444991341482605,0.2057154678904785,0.001265554475652464,0.9999999999999999,0.9999999999999999,0.0,0.520018873388626,0.5162918573707963,-0.003727016017829654,0.26234841168043366,0.2631866676193451,0.0008382559389114586,-0.00024401062656048092,-0.0002394285756173445,4.582050943136419e-06,0.1607165447361933,0.16087378242706415,0.00015723769087086503,0.26833960231188797,0.2681400418939013,-0.00019956041798668833,T3_loading_history,60,61
T3_loading_history_c60_to_c61,fatigue_degradation_deficit,0.012370747000704379,0.01290109496882681,0.0005303479681224316,0.012370747000704377,0.012901094968826809,0.0005303479681224316,0.10946071208171226,0.11703370671099106,0.007572994629278795,0.09574139987057756,0.10115095636687985,0.005409556496302287,0.28059677743537004,0.28552525374666915,0.004928476311299113,0.0005587149075362854,0.0006468640669228475,8.814915938656215e-05,0.17910722302906323,0.177949760439054,-0.001157462590009234,0.2688854735019014,0.2687427537705562,-0.00014271973134521998,T3_loading_history,60,61
T3_loading_history_c60_to_c61,ordinary_degradation_deficit,0.02062908201509823,0.02076810044167187,0.0001390184265736387,0.020629082015098228,0.020768100441671867,0.0001390184265736387,0.050080956402903797,0.05038155775127036,0.0003006013483665623,0.03968560115390076,0.039943830856043826,0.0002582297021430646,-0.03159324409096209,-0.028682850959336145,0.002910393131625947,-0.0004996175867575305,-0.0004942629860398696,5.3546007176608935e-06,0.26329291484553236,0.2648115605543866,0.0015186457088542382,0.013878717048845744,0.013930771377276253,5.2054328430509514e-05,T3_loading_history,60,61
T3_loading_history_c60_to_c61,raw_driver,4.253168512562936,3.8846908881351943,-0.36847762442774146,4.253168512562935,3.884690888135194,-0.368477624427741,0.9999999999999999,0.9999999999999999,0.0,0.001842665124679366,0.0018546622369732472,1.1997112293881144e-05,-0.1147603342132421,-0.11188882601113065,0.0028715082021114474,-0.00033575177016372047,-0.0003341028474283696,1.6489227353508914e-06,0.23366983853688683,0.23522384334052263,0.0015540048036357945,0.00442041520178581,0.00429966784294169,-0.00012074735884412026,T3_loading_history,60,61
T3_loading_history_c60_to_c61,raw_cyclemax_driver,4.253245638582195,3.884731096696393,-0.3685145418858018,4.253245638582194,3.8847310966963926,-0.36851454188580135,0.9999999999999999,0.9999999999999999,0.0,0.001842665124679366,0.0018546622369732472,1.1997112293881144e-05,-0.11475113122441429,-0.11188350944022032,0.0028676217841939605,-0.00033573484487161106,-0.0003340916995167955,1.6431453548155432e-06,0.2336777141654063,0.23522843087802592,0.0015507167126196097,0.004420473013355272,0.004299663348806703,-0.00012080966454856932,T3_loading_history,60,61
T3_loading_history_c60_to_c61,active_driver,0.001507031743216646,0.0013208568633881418,-0.0001861748798285042,0.0015070317432166458,0.0013208568633881416,-0.0001861748798285042,0.9999999999999999,0.9999999999999999,0.0,0.010054303368127758,0.010099416843153696,4.511347502593813e-05,0.3700443443604944,0.370940762013516,0.0008964176530216195,0.0004211146794451975,0.00048115017259906163,6.00354931538641e-05,0.17517476793723,0.1775624347029727,0.002387666765742702,0.23059236705662964,0.22873070873097415,-0.0018616583256554908,T3_loading_history,60,61
