case_id,cycle,load_factor,threshold,support_area,centroid_x,centroid_y,rms_width_x,rms_width_y,crack_tip_x,damaged_component_size,right_boundary_connected_size,event_hit_reconstructed
P0_parent,1,1.0,0.009996211328809719,0.01955540119531047,-0.24723280817995194,-0.00031265089850616474,0.14567610085100044,0.0067342082391193565,0.0,505,0,False
P0_parent,2,1.0,0.0001353531298445121,0.004236015813738661,-0.039604402459749,-0.0012900254245927266,0.06974657783170873,0.010114438989912941,0.0,506,0,False
P0_parent,3,1.0,0.00015174045867538677,0.0019786345643107335,-0.058085799901520574,0.0067021212663177536,0.09031436723265476,0.00789783444640388,0.0,506,0,False
P0_parent,4,1.0,0.00047302433535010516,0.0008694239726889463,-0.0003492589567297565,0.003155311248483556,0.005746493292209199,0.007010520518769218,0.0,506,0,False
P0_parent,5,1.0,0.004000763672410168,0.0014060157807520863,0.005784221261336325,0.0017607522474580007,0.013930918549867218,0.006962156527154616,0.004593788287886751,512,0,False
P0_parent,6,1.0,0.0009621260206412674,0.0011431899459275522,0.008711299114422278,0.00019185424842396189,0.005505861406972566,0.007030667437614709,0.004593788287886751,512,0,False
P0_parent,7,1.0,0.003756619852276084,0.0012342982847847457,0.012426600072137537,0.001682034542415566,0.008882174011643769,0.006657388659377689,0.008699759286983855,517,0,False
P0_parent,8,1.0,0.002819026263217595,0.0010982787104023028,0.016587776104485048,0.0008398241590158289,0.005772422684192814,0.006482730383741762,0.01296184019169501,520,0,False
P0_parent,9,1.0,0.004144959873769748,0.0011018823663282887,0.02074502569330335,0.0008527803724930587,0.005911872626677257,0.006501969392443723,0.0171271169966146,525,0,False
P0_parent,10,1.0,0.003218680950429393,0.0014419954884814707,0.02368814324587818,-6.33512203210063e-05,0.007333152029823614,0.007312511613483701,0.02108437922642066,528,0,False
P0_parent,11,1.0,0.002415610989552437,0.0013665658169046933,0.02698863871362847,0.00027832884930270894,0.0071934534821573946,0.007464900349069625,0.02304844825262887,531,0,False
P0_parent,12,1.0,0.003127850445400855,0.0012506711658700604,0.03095807411570211,7.141436286323701e-05,0.00642038343584048,0.006863568541369743,0.02697956206701656,535,0,False
P0_parent,13,1.0,0.003466955994037615,0.001262790657294262,0.034886814131432894,-0.00018559181771871035,0.006408286114415269,0.007332699328635498,0.03094146528725019,539,0,False
P0_parent,14,1.0,0.002801904512978461,0.0014799356771446816,0.038168507541329236,0.00019981710732764794,0.0070693578356186325,0.007508199615357066,0.03492464328938209,542,0,False
P0_parent,15,1.0,0.0033703299660580517,0.0013105945125236064,0.042475865665015405,-0.0006686903546357432,0.006577048315653862,0.0073585902826797875,0.0389081965725947,547,0,False
P0_parent,16,1.0,0.003344465476433731,0.001577378863753364,0.04613958272359884,0.00037454205801579286,0.007629781296813426,0.007571865825696361,0.04287966542624064,551,0,False
P0_parent,17,1.0,0.0038789320422575138,0.0014958674732381224,0.05111276275931812,-0.0002997399103603342,0.0069675903376314775,0.007720160360880784,0.0468398700470314,556,0,False
P0_parent,18,1.0,0.00464353191922947,0.001470924275372923,0.05705790342147106,-0.00040788989604010923,0.006907985465276936,0.0074956468548270675,0.05471833621241141,563,0,False
P0_parent,19,1.0,0.003954912061853576,0.0014192049138946228,0.06258385081872109,-0.00013377589021010746,0.006842433089118843,0.007423049171252002,0.05868224548602132,568,0,False
P0_parent,20,1.0,0.003181548075381594,0.0016177759088662094,0.06651680933209528,-0.0011494471754507187,0.007755446909734543,0.008189499966182248,0.06267126380423246,572,0,False
P0_parent,21,1.0,0.004306423845293859,0.0015134959474634967,0.07225824932589937,-0.0005931986575591304,0.006970658942217897,0.007613570002914104,0.06867592152878577,578,0,False
P0_parent,22,1.0,0.0036165781989266066,0.0014835487163355782,0.07749245496503303,-0.0011657665029244644,0.009051251785395903,0.009990499144806646,0.07269096030067296,582,0,False
P0_parent,23,1.0,0.004286689017606645,0.001575268527212118,0.08258872480422119,-0.0009790508935370937,0.007221055810728096,0.007916914285424308,0.0787490734675777,588,0,False
P0_parent,24,1.0,0.005336559744208613,0.0015296873349960128,0.08962842793219286,-0.0010911368177859897,0.007130225690155627,0.0075271824008030525,0.08689058612871807,596,0,False
P0_parent,25,1.0,0.004686397021888541,0.001571968887707844,0.0962220738210488,-0.0006851815843876099,0.007260637091306052,0.007864518475443692,0.09295166126136008,602,0,False
P0_parent,26,1.0,0.004652928093330888,0.001545700311472956,0.1028862322891688,-0.00029536886140912216,0.0071311896069232265,0.007500058053186003,0.09900988323987968,608,0,False
P0_parent,27,1.0,0.005427436741837814,0.0015724740417597332,0.10989634835293868,0.000167236763001822,0.007357591394987898,0.007483537489999346,0.1071305635773052,616,0,False
P0_parent,28,1.0,0.00349637532596684,0.0016125602214033927,0.11571410458385957,0.00019095929780530351,0.00928696551473387,0.010762652031659402,0.1130355663120901,621,0,False
P0_parent,29,1.0,0.004604566985317908,0.0016459017971986382,0.12152176329346567,0.0006804237668680857,0.009106682968023293,0.010318614692333488,0.1187941730734323,628,0,False
P0_parent,30,1.0,0.004893205199700335,0.0014282275119964442,0.12882064901132437,0.0006880272162992397,0.008466210788268444,0.009889723429941372,0.1246140680717723,634,0,False
P0_parent,31,1.0,0.003848310123866406,0.0015806763304737135,0.13426055340868503,-0.00012544598493617517,0.009035732253695833,0.010882364200878151,0.1304933030704698,640,0,False
P0_parent,32,1.0,0.004807819727891921,0.0014408645291482788,0.1410383400364107,-8.440714495692451e-05,0.008315356454385088,0.010003371569591225,0.1381970310905921,647,0,False
P0_parent,33,1.0,0.006220252475517121,0.0017388256785429732,0.1484762695365167,2.810748619348435e-06,0.00794021582513933,0.007698391719306457,0.1457530731889533,656,0,False
P0_parent,34,1.0,0.0043962684567057505,0.0015687779040166462,0.15635551513454324,-0.00027581224860302137,0.00875165495001461,0.010402120755939348,0.1536598551094827,663,0,False
P0_parent,35,1.0,0.004714567548573094,0.0016564195268276983,0.16274938436837957,-0.000706614629337603,0.008747364625737736,0.010332150333393578,0.1596576951326536,670,0,False
P0_parent,36,1.0,0.004194493476928739,0.0016377724178147212,0.16930292860796067,-0.0011307042417643234,0.008694214593355098,0.010632980097736444,0.1656525835891462,675,0,False
P0_parent,37,1.0,0.005502200521565791,0.0015491481840598925,0.1768943413741769,-0.000128126029553146,0.00825623319618725,0.009812264087068869,0.1736289018026371,684,0,False
P0_parent,38,1.0,0.005154217777684773,0.0017219847643016827,0.18427766173325708,-0.00021738745458632609,0.008718896116694248,0.010239705178889775,0.1815688906443072,692,0,False
P0_parent,39,1.0,0.005838408130527621,0.0016743037796417457,0.19267569703906132,-0.000334873394725291,0.008415873908611112,0.009890229848940831,0.1894776568144491,700,0,False
P0_parent,40,1.0,0.005607979438093751,0.0016057527151374469,0.20135547424631015,-0.0008059958519115358,0.008308428913749265,0.009843791601937091,0.19940130078091,709,0,False
P0_parent,41,1.0,0.005481578363186619,0.0016581742042391864,0.20954867175972208,-0.00020996104573535554,0.008427256449388115,0.009925470339916913,0.207424216666718,718,0,False
P0_parent,42,1.0,0.00557441774305576,0.001739024278950487,0.21773628468865017,-0.0005530968317686737,0.008496921580088348,0.010028934186163624,0.2153829469885599,726,0,False
P0_parent,43,1.0,0.005088651198294852,0.0016555785699134383,0.22606059710617427,-0.0007419354928375313,0.008222988810947325,0.010043052374250964,0.2236001798328855,733,0,False
P0_parent,44,1.0,0.0053405087854313405,0.001628885214201896,0.23408373956751705,-0.0014235330938394924,0.00813030941147553,0.009879639155727251,0.2318055841368847,741,0,False
P0_parent,45,1.0,0.006053907508377988,0.0016584432736857422,0.2428022881134002,-0.0014299006260143588,0.007592129780892645,0.007710994709336618,0.2398826066831282,751,0,False
P0_parent,46,1.0,0.002578838256640994,0.002167846445433129,0.2365328871842589,-0.002170644731323201,0.08152829548446286,0.020285624010535155,0.2440138939911208,755,0,False
P0_parent,47,1.0,0.00662523853725653,0.0018106244871319258,0.25656900882109945,-0.0002551807488288773,0.00802515676338814,0.007945239318644616,0.2542801864279843,765,0,False
P0_parent,48,1.0,0.0060939998164117465,0.0017053925844597523,0.26703027722115596,7.316900016495075e-05,0.007627694108828933,0.007769267687231601,0.2644422339434812,775,0,False
P0_parent,49,1.0,0.005860059307824783,0.0017197756720154147,0.27639188853340524,-0.00012316304544699922,0.007706616560079948,0.007814438830354743,0.2745852735034472,786,0,False
P0_parent,50,1.0,0.005544801569941446,0.0016938780072855361,0.28535921009998966,-0.000667509620214318,0.007593321213910343,0.00782687012040644,0.2826202840491989,795,0,False
P0_parent,51,1.0,0.0056125437513781596,0.001698067872566245,0.29401658432519595,-0.0010414026079107826,0.0076089009059104075,0.007914843081834544,0.2905402262240643,803,0,False
P0_parent,52,1.0,0.006127235076609132,0.0016588184838392628,0.303473808634127,-0.0007233083512359914,0.007589890819467023,0.007614012169999797,0.3004064297157469,813,0,False
P0_parent,53,1.0,0.005321432352192721,0.0016264474407516904,0.3124906756100194,-0.0004230476840876584,0.007453931476393202,0.007829724596813924,0.3103819554792672,822,0,False
P0_parent,54,1.0,0.006208707196195844,0.0018523304399429273,0.32135944738660327,-0.00014721081602707317,0.008228229945433613,0.007977380986322238,0.3202160618408005,833,0,False
P0_parent,55,1.0,0.005807638431446015,0.0016595222583974897,0.33131851908564763,-7.92035182058706e-05,0.007554860969215458,0.007734814842703716,0.3279093301244763,841,0,False
P0_parent,56,1.0,0.006353339885965806,0.0018633984126548062,0.3407723730905087,-0.0002653812690718412,0.008063615750103257,0.007845359152424522,0.339162428217284,853,0,False
P0_parent,57,1.0,0.0038212841969168087,0.00170466882451934,0.3486337608861304,-0.0002673669716801228,0.007627182378979782,0.00793103159956045,0.3451308094051035,859,0,False
P0_parent,58,1.0,0.00688486044298168,0.001760257370958063,0.357402458544824,-0.00021053558567628812,0.007923729823307829,0.007873160501618265,0.3549861552815459,869,0,False
P0_parent,59,1.0,0.0025811472361074762,0.0018894169079407448,0.36427231413885597,-0.0008849250188983765,0.008645245457457814,0.01348449395939472,0.358905873033934,873,0,False
P0_parent,60,1.0,0.0032722855516981696,0.0016994948129138068,0.3691283478507889,-0.0003535693886654951,0.007500088602357097,0.00815890510697473,0.3648172682878966,879,0,False
P0_parent,61,1.0,0.005917444557538585,0.0017267335154980974,0.37680950620683107,-0.00024124102665792714,0.007655113221592554,0.0078681852100568,0.3746584405310329,889,0,False
P0_parent,62,1.0,0.0009451587910123394,0.0021875823929879213,0.3803284362138362,-0.0009130285316717296,0.011260873047650296,0.029285656105063264,0.3746584405310329,889,0,False
P0_parent,63,1.0,0.00821914899530728,0.0018452528409323174,0.3906074353194768,-0.0008768674531059768,0.008350177666787303,0.007813649727584018,0.3906827149844322,905,0,False
P0_parent,64,1.0,0.0013520003664944903,0.001924409735773797,0.3974806365933961,-0.0008207768803088236,0.021930993236720545,0.020043634914700705,0.3926843533570615,907,0,False
P0_parent,65,1.0,0.007473065680679356,0.0019892968859991384,0.40628926872834104,-0.0008107786284959772,0.00867011010766551,0.008098422681388762,0.4046849375073675,920,0,False
P0_parent,66,1.0,0.006914433169623044,0.0017832924559461408,0.4189392684441615,-0.0007135048617885815,0.008006907211149378,0.007856895477617297,0.4166037257536535,933,0,False
P0_parent,67,1.0,0.00692330235292607,0.0018348133256033932,0.43034253463232097,-0.0006145870952420777,0.008262157645279388,0.007867560732989661,0.4299719687609822,946,0,False
P0_parent,68,1.0,0.007222735937718213,0.00190660764686734,0.442018748312397,-0.0007985897876594182,0.008465377511672945,0.00798975867098359,0.4420385140197631,959,0,False
P0_parent,69,1.0,0.00893996674343789,0.0021708926057494348,0.4576291783557603,-8.50913805657093e-05,0.00943969445826271,0.007919180478038726,0.4600339551073571,978,0,False
P0_parent,70,1.0,0.009984784682745863,0.0024772673909894674,0.4820163866773748,-4.810371195643493e-05,0.011392071878670158,0.007901950063368962,0.5,1021,22,True
P0_parent,71,1.0,1.8160486344176442e-07,0.0034796945013457975,0.018825462590013005,-0.003000542257025492,0.44993036544639703,0.007508166182752495,0.5,1021,22,True
P0_parent,72,1.0,6.452511441396719e-08,0.0035761283034992765,-0.33183103012281023,-0.006692143692763372,0.21577218163889383,0.006620843422994599,0.5,1021,22,True
P0_parent,73,1.0,1e-08,0.007578661444955893,-0.30422896429389196,-0.005190100854843708,0.261512774733524,0.0057255386268862275,0.5,1021,22,True
T3_loading_history,1,1.0,0.00999606488141861,0.01951930205981883,-0.2497290175400312,-0.00022937072375168525,0.14511482248847507,0.006770424005298707,0.0,504,0,False
T3_loading_history,2,1.0,0.00019398043142435095,0.010359941012614091,-0.18763835326136957,0.000515114646956726,0.11807599082015104,0.012592792596330843,0.0,504,0,False
T3_loading_history,3,1.0,2.3707491454146857e-05,0.001094615665160476,-0.04019809269603062,0.0036533483690762013,0.08879810406487919,0.00861992496060809,0.0,504,0,False
T3_loading_history,4,1.0,8.892867443191784e-05,0.0036330527876223383,-0.26757226905218245,0.004177120005915247,0.07770315064918185,0.012447208350065039,0.0,504,0,False
T3_loading_history,5,1.0,0.0003868274699383556,0.0008135483090484606,-0.04880182817215963,0.002001871228932366,0.08872063362551075,0.00803628665302576,0.0,504,0,False
T3_loading_history,6,1.0,0.0007014238928504524,0.00036463139399689644,0.001927195494537471,0.002047910893637219,0.003877969397515044,0.003880359890286443,0.0,505,0,False
T3_loading_history,7,1.0,0.000474602497036607,0.0009846990209538733,0.0014232720534790113,0.0019049837064303214,0.005838871442249257,0.007328028100055271,0.0,505,0,False
T3_loading_history,8,1.0,0.001310039233700892,0.0009213302019336189,0.0049593027511512025,0.001988774368383101,0.005800492816609736,0.005742029358197918,0.0,506,0,False
T3_loading_history,9,1.0,0.004167319929492659,0.001279456584573766,0.007434182078020575,0.00046629586521186817,0.006959150148828216,0.006513655920535077,0.006602130434464182,514,0,False
T3_loading_history,10,1.0,0.0021807972163273015,0.0011354949930722853,0.011084261660241545,0.00027984195909319865,0.007257392423125398,0.00625724163787679,0.008621646590442272,517,0,False
T3_loading_history,11,1.0,0.00205777640182256,0.0011117287407017913,0.01331971420703698,-0.0008399505015414943,0.006031470772790495,0.006413700102667235,0.01073028759122254,518,0,False
T3_loading_history,12,1.0,0.0019545495882859042,0.001267644946301322,0.014485399544705735,0.0004008757820883102,0.007329918927267709,0.006576345686869098,0.01073028759122254,518,0,False
T3_loading_history,13,1.0,0.0027595842108609427,0.0011226425657498878,0.01775191947358868,0.0011216787467149924,0.0060105053077477615,0.006857419814193508,0.01507880727177489,521,0,False
T3_loading_history,14,1.0,0.00274044002592535,0.0013137258903907734,0.02014181861840102,-4.746851387048666e-05,0.00684316516433627,0.007075984248467913,0.0171271169966146,525,0,False
T3_loading_history,15,1.0,0.0026148190722369634,0.0011301275460306238,0.02353808847300837,-4.879783365561495e-06,0.005890508250230095,0.006944332868558833,0.01911670343450046,527,0,False
T3_loading_history,16,1.0,0.0029143347610607467,0.0010312717556771993,0.026853588450696454,-0.000155679940187482,0.005601298535495655,0.006528310218273685,0.02304844825262887,531,0,False
T3_loading_history,17,1.0,0.0012455741330718495,0.0027805680580650894,0.0032737965797417124,-0.0017227214929880043,0.0801853547709862,0.008308060792789649,0.02304844825262887,531,0,False
T3_loading_history,18,1.0,0.0033075296328011973,0.0013462782701123856,0.030758258216435363,-0.000362043121480949,0.006750435747404987,0.0070868434600030285,0.02697956206701656,535,0,False
T3_loading_history,19,1.0,0.0033453041599400546,0.0011722183143576658,0.034832640879352485,-0.0005066393217716884,0.006156928641246139,0.006792475456860376,0.03094146528725019,539,0,False
T3_loading_history,20,1.0,0.002470378034179518,0.0013713170797675525,0.03727898305271666,4.405443622866925e-06,0.007035912888091835,0.007363872172696169,0.03293190922244674,541,0,False
T3_loading_history,21,1.0,0.0029471242411674282,0.0012483237398422144,0.040766893159033354,-0.00031166808592397646,0.0062297333820782175,0.007534241840479691,0.03691777046060554,545,0,False
T3_loading_history,22,1.0,0.0028898464314394503,0.001155524018753574,0.044253077954426026,0.00025630213265452585,0.0063077774073068225,0.007028665253589159,0.0408948717110061,549,0,False
T3_loading_history,23,1.0,0.0023442028194932984,0.001452165955659124,0.046102561034238314,-0.0007858310036718907,0.007469420358217462,0.007924255384471902,0.04287966542624064,551,0,False
T3_loading_history,24,1.0,0.0029118728792427153,0.001319783300799902,0.05013113980222238,-0.00024872139077410473,0.006442239325487563,0.007233616654597605,0.0468398700470314,555,0,False
T3_loading_history,25,1.0,0.0026562461124063396,0.0014778940305717205,0.05274967396273115,-9.231595593513088e-05,0.007104190320547179,0.007695801918584974,0.04881268853434931,557,0,False
T3_loading_history,26,1.0,0.002768578257736245,0.0013188615867536595,0.05648332875959088,-0.0007784902111701033,0.00645726471284778,0.007417819911317448,0.0527475090526962,561,0,False
T3_loading_history,27,1.0,0.002772675572227973,0.0012378606166431447,0.059955395072853496,-1.3078708078829986e-05,0.006333202540434858,0.007218917994810158,0.05669530496713444,564,0,False
T3_loading_history,28,1.0,0.0030448125188269814,0.0014774841999960944,0.06264925086368864,-0.0005092499982224226,0.007124931183872654,0.007884018953176657,0.05868224548602132,567,0,False
T3_loading_history,29,1.0,0.002574697695679207,0.001406063824208821,0.066416204094294,-0.0011958252758331803,0.0066985035381040975,0.007770632170668265,0.06267126380423246,571,0,False
T3_loading_history,30,1.0,0.0033318452549861268,0.001371650979545467,0.07025540771042427,-0.0005808479489478293,0.006535377227879135,0.0075075080083768266,0.066672865141777,575,0,False
T3_loading_history,31,1.0,0.0063613258503352815,0.0015806461038309415,0.07813536430343287,-0.0015894664786316028,0.019060987282569972,0.021087895986490066,0.07470189037022537,589,0,False
T3_loading_history,32,1.0,0.00405784233827383,0.0017808110508932703,0.08441500638202448,-0.00110629765045752,0.009977528802655525,0.011003087861448047,0.0807865330439681,596,0,False
T3_loading_history,33,1.0,0.004953379896446386,0.0016750439047216407,0.09181875845812686,-0.0009584144831939388,0.009291813765939119,0.010472909101309113,0.08891639794830024,604,0,False
T3_loading_history,34,1.0,0.007292107612788222,0.001776757694176837,0.1017490077985804,-0.00033541347039488424,0.00878105654523781,0.007768086075807239,0.1010351831271227,617,0,False
T3_loading_history,35,1.0,0.0067240943874989694,0.0018632840350658675,0.11310708103856545,0.00040802557116719883,0.008439511767985283,0.007904214605636423,0.1111325013915724,627,0,False
T3_loading_history,36,1.0,0.001415350269950817,0.0024459162450426067,0.11519424351673224,-0.001229626417850302,0.037151530292793646,0.02749823087072805,0.1130861794617409,630,0,False
T3_loading_history,37,1.0,0.008908900471977194,0.001934476514549248,0.12982539065219878,0.000336167143038487,0.008872337066816512,0.007586241723790009,0.1304933030704698,648,0,False
T3_loading_history,38,1.0,0.0038426487835797065,0.0016992889634422277,0.14024493130543023,-0.0003178726033854121,0.01871729533177597,0.014842145763240487,0.1362966668961761,655,0,False
T3_loading_history,39,1.0,0.007630576624016736,0.0017416608568390857,0.1508057979772875,1.982184749540929e-05,0.008022507997165692,0.007541431475878325,0.1496783456184055,670,0,False
T3_loading_history,40,1.0,0.005380389513323106,0.001802971260631107,0.16100143080952076,-0.0009669875837575411,0.009329508706710036,0.01037153571289244,0.1576580185062021,680,0,False
T3_loading_history,41,1.0,0.004927117192437423,0.001686654185604264,0.16907375724345053,-0.0006609827030090863,0.010649293532902102,0.01367192507189962,0.1656525835891462,687,0,False
T3_loading_history,42,1.0,0.007822245564452752,0.0017270289363966276,0.18001954537979642,-0.00020755037102493468,0.00802412073465342,0.007576525424547588,0.1795882837438953,702,0,False
T3_loading_history,43,1.0,0.0076631672066881954,0.001880268018095681,0.1932562897808646,-0.00038000025620624195,0.008416292402598412,0.007718620690961422,0.1934090274945601,715,0,False
T3_loading_history,44,1.0,0.007599532307627079,0.0017538123745502949,0.2068572909350222,-0.0004963723256847101,0.008146336332658207,0.007474819865891183,0.2054196069709164,728,0,False
T3_loading_history,45,1.0,0.005208477983265054,0.001806678638440134,0.21692599786542552,-0.0003030083485014634,0.008921830665269423,0.010458411470809312,0.2133947050463892,736,0,False
T3_loading_history,46,1.0,0.005620441403999505,0.001614390307482167,0.22595115358202766,-0.0008620591760722582,0.008233610123152373,0.01002988257669001,0.2236001798328855,745,0,False
T3_loading_history,47,1.0,0.007540467080948579,0.001766083591262704,0.23690481869175725,-0.0015147809604485038,0.008069702783167276,0.007593390513972322,0.2358313156750043,758,0,False
T3_loading_history,48,1.0,0.0072064128951855105,0.001803089214443842,0.24946208474951564,-0.0008773589635666661,0.008218071676602318,0.0077371920538019485,0.2481704506419132,771,0,False
T3_loading_history,49,1.0,0.007605586740362482,0.0017660848802882236,0.26245918621645625,2.0843218935741996e-05,0.008144407371778324,0.0076141049754677404,0.2624002685563678,784,0,False
T3_loading_history,50,1.0,0.007476580364995291,0.0019354972385082067,0.27528285075888986,4.4686558833374194e-05,0.008629227953375803,0.007838512928916193,0.2745852735034472,797,0,False
T3_loading_history,51,1.0,0.00748329911579203,0.001755957307895263,0.2886562423533718,-0.0011918092182504059,0.00809071509541181,0.007620031233580597,0.2885622518609633,812,0,False
T3_loading_history,52,1.0,0.0074523881285225736,0.0017914573730304323,0.3016856564983802,-0.0007986099694374655,0.008169582192360442,0.007606028565751414,0.3004064297157469,825,0,False
T3_loading_history,53,1.0,0.004567645172704706,0.0018039639333317118,0.3113621693895386,-0.0006566573591792885,0.008250627531284761,0.010117810821797725,0.3083915738802959,832,0,False
T3_loading_history,54,1.0,0.00807310122712329,0.001839566830250044,0.3228672388034104,-0.0002627027020758852,0.008355719396008678,0.007661239279964309,0.3221683719662358,847,0,False
T3_loading_history,55,1.0,0.00818147290636861,0.001913219839633358,0.3377377009617538,-0.00021271879636863917,0.008660324420025026,0.007636016126295378,0.3372053745233186,863,0,False
T3_loading_history,56,1.0,0.006398791222767728,0.0017810243021532438,0.3504257137714003,-0.00035903050344552256,0.008056427169093132,0.0077943461102861055,0.3491019157138583,875,0,False
T3_loading_history,57,1.0,0.007939567371645775,0.0017866766095041842,0.3631547958076634,-0.00027718455614154924,0.008193719185615825,0.007624893385389636,0.3628491060998105,889,0,False
T3_loading_history,58,1.0,0.007366652344873955,0.0018935406934435127,0.37635208973929984,-0.00014757150831067346,0.00838092368059711,0.0077789155237935415,0.3746584405310329,901,0,False
T3_loading_history,59,1.0,0.007804054988363078,0.0018776021843807742,0.3898182490225701,0.0008997161087384633,0.008391286680084506,0.007736648551024225,0.3886791180402934,915,0,False
T3_loading_history,60,1.0,0.006365479586916455,0.0017156895444998116,0.40194610003099845,0.001056138508635772,0.007870123765305883,0.007621897067925035,0.4006855728310332,926,0,False
T3_loading_history,61,1.0,0.0037260487537745506,0.0016358546875697084,0.40940039150906427,0.0009755245251026488,0.007479700218299056,0.007903121733458744,0.4046851246288022,931,0,False
T3_loading_history,62,1.0,0.0037544487150651456,0.001562404868340691,0.4150824287427362,0.0014238389582976393,0.007184625788667767,0.007891809249286922,0.4106792420465346,937,0,False
T3_loading_history,63,1.0,0.005086066783309338,0.0016938123811607807,0.4216264791496789,0.0012021245035908612,0.007544673057375073,0.00778667515242313,0.4186318666494095,945,0,False
T3_loading_history,64,1.0,0.004879235822345259,0.0016160448445941766,0.4289958408522147,0.0012179872779948411,0.007314213153276318,0.008055821299693715,0.42653767948729,952,0,False
T3_loading_history,65,1.0,0.004558968714181862,0.0018551835557101993,0.4357903389946836,0.0013662257533284805,0.00793846887108949,0.0082776648793613,0.4337652021387097,960,0,False
T3_loading_history,66,1.0,0.005669208737317333,0.0017618697890097804,0.4441050423297619,0.0013297555927894136,0.007667029446493568,0.008126481870485753,0.4420815697856301,971,0,False
T3_loading_history,67,1.0,0.006322554369470655,0.0017970985431041866,0.454031180442673,0.0012342655658431892,0.007818137968758587,0.007926844955978746,0.4520568981041827,981,0,False
T3_loading_history,68,1.0,0.009984817905710338,0.002741571888283451,0.4780110473665542,0.002035360577070177,0.013300459972281254,0.007831437922391923,0.5,1031,22,True
T3_loading_history,69,1.0,1.8078879389760162e-07,0.0021232283449395747,-0.3410781209752746,-0.004170112136503534,0.17071506695067065,0.004022876999677029,0.5,1031,22,True
T3_loading_history,70,1.0,1.7557870001794207e-07,0.0021548600863214775,-0.33537535200647794,-0.0041159593444548,0.1825236897889628,0.004072641277031315,0.5,1031,22,True
T3_loading_history,71,1.0,1.703783553552718e-07,0.0021818994223144167,-0.33390310967163256,-0.004102209707625466,0.18467444583204712,0.0040787300707755035,0.5,1031,22,True
