comparison,field,left_area_weighted_mean,right_area_weighted_mean,right_minus_left_area_weighted_mean,left_area_weighted_integral,right_area_weighted_integral,right_minus_left_area_weighted_integral,left_support_area_abs_1e15,right_support_area_abs_1e15,right_minus_left_support_area_abs_1e15,left_support_area_rel_1pct,right_support_area_rel_1pct,right_minus_left_support_area_rel_1pct,left_weighted_centroid_x,right_weighted_centroid_x,right_minus_left_weighted_centroid_x,left_weighted_centroid_y,right_weighted_centroid_y,right_minus_left_weighted_centroid_y,left_weighted_rms_width_x,right_weighted_rms_width_x,right_minus_left_weighted_rms_width_x,left_weighted_rms_width_y,right_weighted_rms_width_y,right_minus_left_weighted_rms_width_y,p0_cycle,t3_cycle
same_cycle_c20,damage,0.009004437404146297,0.00861756840603396,-0.0003868689981123361,0.009004437404146295,0.008617568406033959,-0.0003868689981123361,0.027969396863671246,0.026733860958228536,-0.0012355359054427098,0.022387883408793264,0.021088879760779035,-0.001299003648014229,-0.2114195918185849,-0.23150517699276588,-0.020085585174180964,-0.00025982418421383887,-0.00020512863767568648,5.4695546538152386e-05,0.16575041168185387,0.15558621965375005,-0.010164192028103813,0.007209767068053384,0.00694028042146614,-0.000269486646587244,20,20
same_cycle_c20,history,0.09153479228743644,0.07651051543625442,-0.015024276851182017,0.09153479228743643,0.07651051543625441,-0.015024276851182017,0.9999999999999999,0.9999999999999999,0.0,0.5693761831554206,0.5831325041341697,0.013756320978749126,0.22522094074385365,0.21631115195840153,-0.008909788785452122,-0.00014388137865313652,-0.00015834575410631112,-1.4464375453174602e-05,0.16631663138797811,0.17254980543797388,0.0062331740499957655,0.27338740037855375,0.27356843342077264,0.00018103304221889216,20,20
same_cycle_c20,fatigue_degradation_deficit,0.0011635851830431858,0.0008635382080316794,-0.0003000469750115064,0.0011635851830431856,0.0008635382080316793,-0.0003000469750115063,0.006102998978560219,0.0031604039679811466,-0.0029425950105790724,0.005849509935169169,0.0029742719098049203,-0.0028752380253642485,0.06846642625309766,0.01512509887799626,-0.0533413273751014,0.0005739040557154073,-0.015203863822457964,-0.015777767878173372,0.1485902325045295,0.11404060286261683,-0.03454962964191266,0.15022567610612406,0.0863028444994571,-0.06392283160666695,20,20
same_cycle_c20,ordinary_degradation_deficit,0.012134075612836014,0.011557995693230605,-0.0005760799196054094,0.012134075612836012,0.011557995693230603,-0.0005760799196054094,0.027969396863671246,0.026733860958228536,-0.0012355359054427098,0.02362242109346911,0.02233784389086934,-0.0012845772025997688,-0.21075291646918176,-0.23055625066470029,-0.019803334195518524,-0.000261394638342417,-0.000204096409818474,5.729822852394299e-05,0.16622989504979904,0.15604877743463683,-0.010181117615162216,0.008111136922373011,0.007771488596893214,-0.0003396483254797973,20,20
same_cycle_c20,raw_driver,2.2430661725999657,1.6887262230937867,-0.5543399495061789,2.243066172599965,1.6887262230937865,-0.5543399495061787,0.9999999999999999,0.9999999999999999,0.0,0.001146001815135673,0.0011036738412779398,-4.232797385773316e-05,-0.27253481220569287,-0.28579824092182554,-0.013263428716132675,-0.0003939573709829651,-0.0004447628946437541,-5.0805523660789006e-05,0.1452733929848213,0.1378436307432208,-0.007429762241600496,0.011825456299752705,0.012698085246656247,0.000872628946903542,20,20
same_cycle_c20,raw_cyclemax_driver,2.243092990444337,1.6887377550515807,-0.5543552353927563,2.2430929904443366,1.6887377550515805,-0.5543552353927561,0.9999999999999999,0.9999999999999999,0.0,0.001146001815135673,0.0011036738412779398,-4.232797385773316e-05,-0.27253084316343745,-0.285796074836222,-0.013265231672784539,-0.00039395495000480574,-0.0004447595756290482,-5.080462562424246e-05,0.14527705961211873,0.1378456523806351,-0.007431407231483639,0.011825390939842556,0.012698043810691548,0.0008726528708489917,20,20
same_cycle_c20,active_driver,0.004265794059799146,0.003691035669330481,-0.0005747583904686655,0.0042657940597991455,0.0036910356693304804,-0.0005747583904686651,0.9999999999999999,0.9999999999999999,0.0,0.011977248258553458,0.013261713245739395,0.001284464987185938,0.24069536580736992,0.22406254890846564,-0.01663281689890428,-0.0003068741137316358,-0.00022573897265436806,8.113514107726776e-05,0.16160030072321682,0.17070980169713018,0.00910950097391336,0.27041084821143646,0.27098891709033013,0.0005780688788936672,20,20
same_cycle_c30,damage,0.01013685230419395,0.009206076430426483,-0.0009307758737674664,0.010136852304193948,0.009206076430426481,-0.0009307758737674664,0.0316185913290635,0.028730098879382306,-0.0028884924496811945,0.02528565259523521,0.022573016664452467,-0.002712635930782744,-0.17670930074707628,-0.21319272215755608,-0.036483421410479805,-0.0002917850175922483,-0.00022775446014619297,6.403055744605535e-05,0.18454440089387056,0.166090907536559,-0.018453493357311557,0.008294362778363934,0.007317733153441859,-0.0009766296249220747,30,30
same_cycle_c30,history,0.1307704992594748,0.11160631332344963,-0.01916418593602516,0.13077049925947476,0.11160631332344961,-0.019164185936025147,0.9999999999999999,0.9999999999999999,0.0,0.5479204433511558,0.5712439288583286,0.023323485507172892,0.23633128774480486,0.223551891883892,-0.012779395860912868,-0.000187250885729785,-0.00019411415272872854,-6.863266998943535e-06,0.1614525384834234,0.16852852780327823,0.007075989319854842,0.27249350873835265,0.2731820164312617,0.0006885076929090683,30,30
same_cycle_c30,fatigue_degradation_deficit,0.002678397679918068,0.0021624036316728887,-0.0005159940482451792,0.0026783976799180675,0.0021624036316728883,-0.0005159940482451792,0.01384625011241546,0.009576298344416284,-0.004269951767999176,0.01301359908085975,0.00913525437181319,-0.00387834470904656,0.1409046217971699,0.08678732636805751,-0.05411729542911238,0.012044867721389487,0.01445237248070946,0.0024075047593199728,0.17683581127160578,0.16822428712485263,-0.008611524146753147,0.21159220284782934,0.17648969447650067,-0.03510250837132867,30,30
same_cycle_c30,ordinary_degradation_deficit,0.013660295805425863,0.01235324053053149,-0.0013070552748943726,0.01366029580542586,0.012353240530531488,-0.0013070552748943726,0.0316185913290635,0.028730098879382306,-0.0028884924496811945,0.026482274537898642,0.023905610396213375,-0.002576664141685267,-0.17595826136017237,-0.21209318407400338,-0.03613492271383101,-0.0003046766553401037,-0.00023148529378915373,7.319136155095e-05,0.18505853434454772,0.1665974279093205,-0.01846110643522722,0.009477749341920376,0.008256014141378736,-0.0012217352005416404,30,30
same_cycle_c30,raw_driver,2.5518622623822056,1.8239081141567055,-0.7279541482255001,2.551862262382205,1.8239081141567053,-0.7279541482254999,0.9999999999999999,0.9999999999999999,0.0,0.0012735089702382422,0.0011671596701003596,-0.00010634930013788259,-0.24441979081793158,-0.2710134575905157,-0.026593666772584124,-0.00035566427588609164,-0.0004148550842863482,-5.919080840025655e-05,0.16093653486681134,0.145991798433874,-0.014944736432937339,0.010237386969839998,0.011760845058021923,0.0015234580881819254,30,30
same_cycle_c30,raw_cyclemax_driver,2.5519178020017277,1.8239311567621015,-0.7279866452396262,2.5519178020017272,1.8239311567621013,-0.727986645239626,0.9999999999999999,0.9999999999999999,0.0,0.0012735089702382422,0.0011671596701003596,-0.00010634930013788259,-0.24441185865496415,-0.2710092381416763,-0.026597379486712175,-0.0003556517755487754,-0.0004148552507491379,-5.9203475200362535e-05,0.16094376545384895,0.14599570275049226,-0.01494806270335669,0.010237298112014452,0.011760776894671473,0.0015234787826570208,30,30
same_cycle_c30,active_driver,0.0037167973017769394,0.003455344763993488,-0.00026145253778345114,0.003716797301776939,0.0034553447639934878,-0.00026145253778345114,0.9999999999999999,0.9999999999999999,0.0,0.010688618609786173,0.0122086120327962,0.001519993423010027,0.2696989886592061,0.23939262142470089,-0.03030636723450522,-5.3072311150665233e-05,-0.0003251333227515122,-0.000272061011600847,0.15055079093908366,0.16449897815153675,0.013948187212453084,0.26721982769162056,0.26947202633641876,0.002252198644798198,30,30
same_cycle_c31,damage,0.010237898425538535,0.009398724705222256,-0.0008391737203162792,0.010237898425538534,0.009398724705222255,-0.0008391737203162792,0.03195789360618924,0.029348057433457933,-0.0026098361727313057,0.025553531732051885,0.0230453930436227,-0.0025081386884291852,-0.17365350944735858,-0.20767556970986795,-0.03402206026250937,-0.0002940712484911986,-0.000255640403672367,3.843084481883164e-05,0.18617452831924225,0.1691802639004643,-0.016994264418777938,0.008446896287432679,0.007939210038573449,-0.0005076862488592303,31,31
same_cycle_c31,history,0.13438848861092942,0.11614649887243345,-0.018241989738495973,0.1343884886109294,0.11614649887243343,-0.01824198973849596,0.9999999999999999,0.9999999999999999,0.0,0.5458332256014141,0.5708106600486259,0.024977434447211788,0.2374936833921598,0.22465653739014874,-0.012837146002011052,-0.00018470501428968588,-0.00020109622766059128,-1.6391213370905403e-05,0.16100908248421933,0.16797006061477746,0.006960978130558126,0.27239682067885757,0.2731025738527804,0.0007057531739228518,31,31
same_cycle_c31,fatigue_degradation_deficit,0.002875320686229396,0.0023731968567254056,-0.0005021238295039904,0.0028753206862293956,0.002373196856725405,-0.0005021238295039904,0.01503377324835219,0.010455878472603632,-0.004577894775748558,0.014066492522200047,0.009992205655861574,-0.004074286866338473,0.14662088676181093,0.0932117188038849,-0.053409167957926024,0.011381922367047444,0.014857773320620946,0.0034758509535735022,0.17730176792826668,0.17011303484301413,-0.007188733085252558,0.21485593134198194,0.18132494077186612,-0.033530990570115826,31,31
same_cycle_c31,ordinary_degradation_deficit,0.013797459275278378,0.012611967145948207,-0.0011854921293301714,0.013797459275278376,0.012611967145948205,-0.0011854921293301714,0.03195789360618924,0.029348057433457933,-0.0026098361727313057,0.026757348149991998,0.02442318654160211,-0.0023341616083898883,-0.17287344461190643,-0.20647401586122519,-0.033600571249318756,-0.0003098021249339165,-0.00026760115059909864,4.220097433481785e-05,0.1867031188521331,0.16976008316713453,-0.016943035684998553,0.009667585691619403,0.009050269161326204,-0.0006173165302931997,31,31
same_cycle_c31,raw_driver,2.57718845159653,2.540962290738836,-0.03622616085769392,2.5771884515965295,2.5409622907388356,-0.03622616085769392,0.9999999999999999,0.9999999999999999,0.0,0.00128134045419325,0.0011831641315255762,-9.817632266767378e-05,-0.24206940734822577,-0.26686231029432544,-0.024792902946099676,-0.00035221899315229793,-0.0004092038139852758,-5.6984820832977864e-05,0.16225335194077703,0.14824345049192786,-0.014009901448849171,0.010114123911901815,0.011494314124687077,0.0013801902127852615,31,31
same_cycle_c31,raw_cyclemax_driver,2.577225210898089,2.541028029705039,-0.03619718119304993,2.5772252108980886,2.5410280297050387,-0.03619718119304993,0.9999999999999999,0.9999999999999999,0.0,0.00128134045419325,0.0011831641315255762,-9.817632266767378e-05,-0.2420641512961365,-0.26685372511477334,-0.024789573818636834,-0.00035220510665812614,-0.00040920558030249003,-5.7000473644363886e-05,0.16225816357324846,0.14825121016597478,-0.014006953407273676,0.010114062860833252,0.011494208181147448,0.0013801453203141963,31,31
same_cycle_c31,active_driver,0.0036698518608887397,0.00458845109587044,0.0009185992349817007,0.0036698518608887392,0.0045884510958704395,0.0009185992349817003,0.9999999999999999,0.9999999999999999,0.0,0.01043507670303108,0.017687398281026813,0.007252321577995734,0.2721202583868897,0.24583715312889418,-0.026283105257995515,-8.957550295172188e-05,-0.0003646601832701408,-0.00027508468031841893,0.14978883558127487,0.1602638131884616,0.010474977607186742,0.26697301870758955,0.2697125842172757,0.002739565509686126,31,31
same_cycle_c40,damage,0.01148838990832269,0.010933771867012458,-0.0005546180413102311,0.011488389908322688,0.010933771867012457,-0.0005546180413102311,0.037536658342225825,0.03582733158713122,-0.001709326755094602,0.028686669409789173,0.02687430920782892,-0.001812360201960253,-0.13626259212718217,-0.16148646116237295,-0.025223869035190777,-0.0003487591774467212,-0.0003001228673075657,4.863631013915547e-05,0.205952494785448,0.1944794431069179,-0.011473051678530105,0.0098460887942073,0.009547115238294606,-0.0002989735559126936,40,40
same_cycle_c40,history,0.1640911116567331,0.15312370052452384,-0.010967411132209254,0.16409111165673307,0.15312370052452381,-0.010967411132209254,0.9999999999999999,0.9999999999999999,0.0,0.5264783433995313,0.5513047298112586,0.024826386411727297,0.2481819131935247,0.23629704166457569,-0.011884871528949015,-0.0002007420223729653,-0.00021271466252848042,-1.1972640155515118e-05,0.1575914803177278,0.1632664778875424,0.005674997569814599,0.27134392005229807,0.27212942566322795,0.0007855056109298819,40,40
same_cycle_c40,fatigue_degradation_deficit,0.0052506939033196125,0.004206732055170015,-0.0010439618481495978,0.005250693903319612,0.004206732055170014,-0.0010439618481495978,0.03557160232101883,0.021897203460112313,-0.013674398860906517,0.03096375208606378,0.02009121559160282,-0.010872536494460957,0.1943589435388008,0.1435176196179714,-0.05084132392082938,0.0010771111681363989,0.002211955586489275,0.001134844418352876,0.17339207202616952,0.18255027463575113,0.009158202609581612,0.2340598970705476,0.2163593654089512,-0.017700531661596408,40,40
same_cycle_c40,ordinary_degradation_deficit,0.01548266175342462,0.01468212929215789,-0.0008005324612667293,0.015482661753424618,0.014682129292157889,-0.0008005324612667293,0.037536658342225825,0.03582733158713122,-0.001709326755094602,0.029969134854280245,0.028408185797133507,-0.0015609490571467377,-0.1354005597058098,-0.16002165731140197,-0.024621097605592168,-0.0003871957418700708,-0.0003347241866041536,5.247155526591718e-05,0.20650638412516734,0.19509169274908345,-0.01141469137608389,0.011381395275009133,0.011030555829304354,-0.000350839445704779,40,40
same_cycle_c40,raw_driver,2.905317349832574,2.9906301213717863,0.08531277153921213,2.9053173498325737,2.990630121371786,0.08531277153921213,0.9999999999999999,0.9999999999999999,0.0,0.0014230656594678228,0.001352909553590671,-7.015610587715192e-05,-0.2110033054439731,-0.22933345988794568,-0.01833015444397257,-0.0003195717073339046,-0.0003631906528658842,-4.361894553197958e-05,0.17975574657707505,0.16924337494511718,-0.010512371631957868,0.008583433071879271,0.009464948703305762,0.0008815156314264903,40,40
same_cycle_c40,raw_cyclemax_driver,2.905380114785931,2.9906975822872317,0.08531746750130065,2.9053801147859306,2.9906975822872313,0.08531746750130065,0.9999999999999999,0.9999999999999999,0.0,0.0014230656594678228,0.001352909553590671,-7.015610587715192e-05,-0.21099458653146022,-0.22932485318132861,-0.018330266649868393,-0.0003195674925165865,-0.0003631808559109411,-4.3613363394354556e-05,0.17976359318751323,0.16925116816742553,-0.010512425020087701,0.008583377791853334,0.009464877490281572,0.000881499698428238,40,40
same_cycle_c40,active_driver,0.0030757314177319696,0.003776439795131131,0.0007007083773991614,0.003075731417731969,0.0037764397951311306,0.0007007083773991614,0.9999999999999999,0.9999999999999999,0.0,0.008066824832050805,0.01625227310457387,0.008185448272523066,0.3023306624848359,0.2844459444312126,-0.017884718053623294,-0.0003633238389031139,-0.00032832283185205114,3.500100705106275e-05,0.14271897997151248,0.14707334016988452,0.004354360198372043,0.26236308955251963,0.2651947216231711,0.0028316320706514575,40,40
same_cycle_c60,damage,0.014632605232816306,0.015334041866623325,0.0007014366338070187,0.014632605232816304,0.015334041866623323,0.0007014366338070187,0.04768440924996798,0.050080956402903797,0.0023965471529358157,0.03649038407451154,0.038008592736939927,0.00151820866242839,-0.04593327381650743,-0.03368820780110226,0.012245066015405169,-0.0005018654031649484,-0.00042968450265840513,7.218090050654322e-05,0.25278797025587685,0.2628044549087822,0.010016484652905333,0.012250984159100156,0.0119623443470882,-0.0002886398120119562,60,60
same_cycle_c60,history,0.20942647461201333,0.20444991341482607,-0.004976561197187257,0.2094264746120133,0.20444991341482605,-0.004976561197187257,0.9999999999999999,0.9999999999999999,0.0,0.49485248320511016,0.520018873388626,0.025166390183515797,0.2696204379214715,0.26234841168043366,-0.007272026241037843,-0.00024141840885427663,-0.00024401062656048092,-2.5922177062042925e-06,0.15562884666637866,0.1607165447361933,0.005087698069814628,0.2681912727627447,0.26833960231188797,0.000148329549143289,60,60
same_cycle_c60,fatigue_degradation_deficit,0.019947430461899243,0.012370747000704379,-0.007576683461194864,0.01994743046189924,0.012370747000704377,-0.0075766834611948625,0.1692529893130037,0.10946071208171226,-0.059792277231291435,0.1508671654690627,0.09574139987057756,-0.055125765598485144,0.3073067743094706,0.28059677743537004,-0.026709996874100583,-0.00026685336553159,0.0005587149075362854,0.0008255682730678754,0.14084274669436153,0.17910722302906323,0.0382644763347017,0.24916242389610635,0.2688854735019014,0.019723049605795046,60,60
same_cycle_c60,ordinary_degradation_deficit,0.019727314369362616,0.02062908201509823,0.0009017676457356155,0.019727314369362613,0.020629082015098228,0.0009017676457356155,0.04768440924996798,0.050080956402903797,0.0023965471529358157,0.03801745426149628,0.03968560115390076,0.001668146892404479,-0.04483238400192992,-0.03159324409096209,0.013239139910967826,-0.0005793434392842472,-0.0004996175867575305,7.972585252671665e-05,0.253351991965977,0.26329291484553236,0.009940922879555336,0.0142234069246851,0.013878717048845744,-0.00034468987583935635,60,60
same_cycle_c60,raw_driver,3.685322126887113,4.253168512562936,0.5678463856758227,3.6853221268871126,4.253168512562935,0.5678463856758222,0.9999999999999999,0.9999999999999999,0.0,0.001757683734161763,0.001842665124679366,8.49813905176031e-05,-0.13291493305989466,-0.1147603342132421,0.01815459884665256,-0.00031209792931252505,-0.00033575177016372047,-2.365384085119542e-05,0.22379575932716464,0.23366983853688683,0.009874079209722192,0.0051861505857723235,0.00442041520178581,-0.0007657353839865136,60,60
same_cycle_c60,raw_cyclemax_driver,3.685352923016803,4.253245638582195,0.5678927155653919,3.6853529230168025,4.253245638582194,0.5678927155653914,0.9999999999999999,0.9999999999999999,0.0,0.001757683734161763,0.001842665124679366,8.49813905176031e-05,-0.132910809254081,-0.11475113122441429,0.018159678029666712,-0.00031209755594615793,-0.00033573484487161106,-2.3637288925453133e-05,0.2237993709694144,0.2336777141654063,0.009878343195991901,0.005186137594226182,0.004420473013355272,-0.0007656645808709096,60,60
same_cycle_c60,active_driver,0.0016620336518824166,0.001507031743216646,-0.00015500190866577055,0.0016620336518824164,0.0015070317432166458,-0.00015500190866577055,0.9999999999999999,0.9999999999999999,0.0,0.006952962000416693,0.010054303368127758,0.0031013413677110652,0.362279605949835,0.3700443443604944,0.007764738410659389,-0.0003198951486946546,0.0004211146794451975,0.0007410098281398522,0.161327554821324,0.17517476793723,0.013847213115906004,0.2407942713661298,0.23059236705662964,-0.01020190430950016,60,60
same_cycle_c61,damage,0.01481635945255548,0.015437438328897397,0.0006210788763419163,0.014816359452555479,0.015437438328897395,0.0006210788763419163,0.04819968532634502,0.05038155775127036,0.0021818724249253393,0.036917744813713974,0.03825203641754784,0.0013342916038338662,-0.0407529656883247,-0.030770682239224113,0.009982283449100585,-0.000503069488879347,-0.0004234048183976432,7.966467048170381e-05,0.25545926196598473,0.2643390355043872,0.008879773538402469,0.012302999917456169,0.012007584742054366,-0.0002954151754018027,61,61
same_cycle_c61,history,0.21096265300940695,0.20571546789047854,-0.00524718511892841,0.21096265300940692,0.2057154678904785,-0.00524718511892841,0.9999999999999999,0.9999999999999999,0.0,0.49329884322983225,0.5162918573707963,0.022993014140964052,0.27047495288610107,0.2631866676193451,-0.007288285266755956,-0.00024198515273114355,-0.0002394285756173445,2.556577113799045e-06,0.1557181159398369,0.16087378242706415,0.005155666487227262,0.2680077061497682,0.2681400418939013,0.00013233574413307192,61,61
same_cycle_c61,fatigue_degradation_deficit,0.021240879900994408,0.01290109496882681,-0.008339784932167598,0.021240879900994405,0.012901094968826809,-0.008339784932167596,0.18177852315002624,0.11703370671099106,-0.06474481643903518,0.16260653905609837,0.10115095636687985,-0.061455582689218524,0.3126472094980701,0.28552525374666915,-0.027121955751400972,-0.00017537238664390084,0.0006468640669228475,0.0008222364535667483,0.13917432746345273,0.177949760439054,0.038775432975601265,0.24906305571047607,0.2687427537705562,0.019679698060080103,61,61
same_cycle_c61,ordinary_degradation_deficit,0.019974315586635618,0.02076810044167187,0.0007937848550362524,0.019974315586635615,0.020768100441671867,0.0007937848550362524,0.04819968532634502,0.05038155775127036,0.0021818724249253393,0.03846104369323685,0.039943830856043826,0.0014827871628069755,-0.03966258272442817,-0.028682850959336145,0.010979731765092027,-0.0005810065236426282,-0.0004942629860398696,8.674353760275855e-05,0.2560103711287964,0.2648115605543866,0.008801189425590217,0.014282667397436796,0.013930771377276253,-0.0003518960201605425,61,61
same_cycle_c61,raw_driver,3.7329428488163434,3.8846908881351943,0.15174803931885084,3.732942848816343,3.884690888135194,0.15174803931885084,0.9999999999999999,0.9999999999999999,0.0,0.001777365553519921,0.0018546622369732472,7.729668345332619e-05,-0.12794355405110738,-0.11188882601113065,0.016054728039976734,-0.00031236338944002284,-0.0003341028474283696,-2.173945798834674e-05,0.22654113533143194,0.23522384334052263,0.008682708009090684,0.004977706483760326,0.00429966784294169,-0.0006780386408186366,61,61
same_cycle_c61,raw_cyclemax_driver,3.7330167225518305,3.884731096696393,0.15171437414456257,3.73301672255183,3.8847310966963926,0.15171437414456257,0.9999999999999999,0.9999999999999999,0.0,0.001777365553519921,0.0018546622369732472,7.729668345332619e-05,-0.12793375833752108,-0.11188350944022032,0.01605024889730075,-0.00031236200336368173,-0.0003340916995167955,-2.1729696153113787e-05,0.22654959581569378,0.23522843087802592,0.008678835062332135,0.004977731427079734,0.004299663348806703,-0.0006780680782730317,61,61
same_cycle_c61,active_driver,0.0015811892712700732,0.0013208568633881418,-0.0002603324078819314,0.001581189271270073,0.0013208568633881416,-0.0002603324078819314,0.9999999999999999,0.9999999999999999,0.0,0.0069117727507284525,0.010099416843153696,0.0031876440924252436,0.36477318018874216,0.370940762013516,0.006167581824773838,-0.00030198081639557753,0.00048115017259906163,0.0007831309889946392,0.16443825763320605,0.1775624347029727,0.013124177069766652,0.23821539805683103,0.22873070873097415,-0.009484689325856888,61,61
same_cycle_c68,damage,0.01610206849574925,0.017056564904833964,0.0009544964090847131,0.016102068495749248,0.01705656490483396,0.0009544964090847131,0.052229867093703475,0.054743489896920086,0.0025136228032166114,0.04003061486125237,0.04194469783791509,0.0019140829766627204,-0.004790686174283109,0.014815320398209318,0.019606006572492427,-0.00054278240642019,-0.0002481926598781459,0.00029458974654204416,0.2739760224089483,0.28846481258332984,0.014488790174381538,0.012490245540341607,0.012005393647705672,-0.00048485189263593534,68,68
same_cycle_c68,history,0.2197490142992922,0.21251293181804357,-0.007236082481248629,0.21974901429929217,0.21251293181804354,-0.007236082481248629,0.9999999999999999,0.9999999999999999,0.0,0.48055284479009713,0.5065642939530652,0.026011449162968103,0.27558043710622965,0.26778797456217246,-0.007792462544057188,-0.00025373590652809586,-0.00021249651082293143,4.1239395705164425e-05,0.1566221139486679,0.1620018461058425,0.005379732157174605,0.26665869285740434,0.26679597803018557,0.00013728517278122077,68,68
same_cycle_c68,fatigue_degradation_deficit,0.02972345887296202,0.016646642416372846,-0.013076816456589174,0.029723458872962016,0.016646642416372842,-0.013076816456589174,0.22041219467238993,0.15914246195057377,-0.061269732721816156,0.21196409281352252,0.13501150239844323,-0.07695259041507929,0.34068276359089844,0.31505897503765645,-0.02562378855324199,-0.0003714064163143986,0.0006841451955585956,0.0010555516118729942,0.13149236858803778,0.17093860268785643,0.03944623409981865,0.24576752983708264,0.2638743820292758,0.018106852192193185,68,68
same_cycle_c68,ordinary_degradation_deficit,0.02170643171309648,0.022921550051672103,0.0012151183385756235,0.021706431713096476,0.0229215500516721,0.0012151183385756235,0.052229867093703475,0.054743489896920086,0.0025136228032166114,0.04180270175313289,0.04377541492573121,0.0019727131725983255,-0.003688236902369495,0.01631086478768943,0.019999101690058925,-0.0006244323247814719,-0.00031835734132230415,0.0003060749834591677,0.27448915010372454,0.28846636129298897,0.013977211189264427,0.014487545576273252,0.013914535648052773,-0.000573009928220479,68,68
same_cycle_c68,raw_driver,4.075838077719298,4.9013371069692635,0.8254990292499658,4.075838077719297,4.901337106969263,0.8254990292499658,0.9999999999999999,0.9999999999999999,0.0,0.001919671081501248,0.002044782909997059,0.00012511182849581082,-0.09119688406227046,-0.002286615724117021,0.08891026833815344,-0.0003187649850912994,-0.00011699929388144519,0.00020176569120985424,0.2462333908426139,0.2878307539546513,0.041597363112037405,0.0034195851846009154,0.0009731017311322848,-0.002446483453468631,68,68
same_cycle_c68,raw_cyclemax_driver,4.0759180800135715,4.901899184986835,0.8259811049732635,4.075918080013571,4.901899184986834,0.8259811049732635,0.9999999999999999,0.9999999999999999,0.0,0.001919671081501248,0.002044782909997059,0.00012511182849581082,-0.0911866153801962,-0.0022371964538040316,0.08894941892639217,-0.0003187749614749243,-0.00011691069692839148,0.0002018642645465328,0.24624188452577273,0.2878532024103585,0.041611317884585775,0.0034199595278415593,0.0022821142386621972,-0.001137845289179362,68,68
same_cycle_c68,active_driver,0.0010044284208823276,7.725108493385274e-05,-0.0009271773359484748,0.0010044284208823274,7.725108493385273e-05,-0.0009271773359484747,0.9999999999999999,0.9999999999999999,0.0,0.007844116925860931,0.00017244207453925457,-0.007671674851321677,0.3747531184444104,-0.17821229005716646,-0.5529654085015768,-0.0005896986269477595,0.00014921730820729757,0.000738915935155057,0.19583047530794329,0.16943960876852762,-0.026390866539415664,0.21121737984047853,0.006990201067526094,-0.20422717877295243,68,68
same_cycle_c70,damage,0.01701498931886058,0.01705656723199086,4.157791313027723e-05,0.017014989318860578,0.017056567231990855,4.157791313027723e-05,0.05438034139327902,0.054743489896920086,0.000363148503641067,0.04201589885139921,0.04194469783791509,-7.120101348412344e-05,0.020718926744232057,0.01481529004090036,-0.005903636703331697,-0.0005196325243109238,-0.0002481931445674191,0.0002714393797435047,0.2873094261529132,0.28846482459114975,0.0011553984382365323,0.01233801165821596,0.01200539348132535,-0.0003326181768906096,70,70
same_cycle_c70,history,0.22099977354663827,0.21254605833625023,-0.00845371521038804,0.22099977354663825,0.2125460583362502,-0.00845371521038804,0.9999999999999999,0.9999999999999999,0.0,0.47714372711565256,0.5042394177264493,0.027095690610796752,0.27637528341213435,0.2677238062693771,-0.008651477142757269,-0.0002525412186536621,-0.00021245817278523128,4.00830458684308e-05,0.15690078278791444,0.16209324941072725,0.005192466622812808,0.2663271894413916,0.2667752518690623,0.0004480624276707035,70,70
same_cycle_c70,fatigue_degradation_deficit,0.030860020435354414,0.01665376083259406,-0.014206259602760354,0.03086002043535441,0.016653760832594056,-0.014206259602760354,0.2255049418812833,0.15914246195057377,-0.06636247993070954,0.2162613327589613,0.13501150239844323,-0.08124983036051808,0.3439093351471173,0.314870564467316,-0.029038770679801318,-0.00037980152129680887,0.000683732342937945,0.0010635338642347538,0.13114574295123788,0.1712524612181866,0.04010671826694873,0.24485898913950307,0.26381799546195245,0.018959006322449373,70,70
same_cycle_c70,ordinary_degradation_deficit,0.02290953206004871,0.022921551298227677,1.2019238178968134e-05,0.022909532060048705,0.022921551298227674,1.2019238178968134e-05,0.05438034139327902,0.054743489896920086,0.000363148503641067,0.043867147889384055,0.04377541492573121,-9.173296365284217e-05,0.02126711786887708,0.016310848064533742,-0.004956269804343338,-0.0005968426014655975,-0.0003183577874210486,0.00027848481404454885,0.28749611642027373,0.2884663697259606,0.0009702533056868967,0.014307841598763875,0.013914535962643998,-0.0003933056361198773,70,70
same_cycle_c70,raw_driver,4.899260864483539,4.90121883960817,0.0019579751246308064,4.899260864483538,4.901218839608169,0.0019579751246308064,0.9999999999999999,0.9999999999999999,0.0,0.002035411258134367,0.002044782909997059,9.371651862691635e-06,-0.0025229089494480193,-0.0022982761268394774,0.00022463282260854183,-0.0003264386400305648,-0.00011703720419675908,0.00020940143583380574,0.28776956276037224,0.2878259828349874,5.642007461514886e-05,0.0007798252465286182,0.000973076130245065,0.00019325088371644676,70,70
same_cycle_c70,raw_cyclemax_driver,4.899780076780831,4.90121883960817,0.0014387628273384578,4.89978007678083,4.901218839608169,0.0014387628273384578,0.9999999999999999,0.9999999999999999,0.0,0.002035411258134367,0.002044782909997059,9.371651862691635e-06,-0.00247670912421984,-0.0022982761268394774,0.0001784329973803624,-0.0003264192828295429,-0.00011703720419675908,0.0002093820786327838,0.28779106008103145,0.2878259828349874,3.492275395594602e-05,0.0020613863486719174,0.000973076130245065,-0.0010883102184268524,70,70
same_cycle_c70,active_driver,7.770641832085252e-05,7.724459696812486e-05,-4.618213527276605e-07,7.77064183208525e-05,7.724459696812484e-05,-4.618213527276605e-07,0.9999999999999999,0.9999999999999999,0.0,0.00015313824652230039,0.00017244207453925457,1.9303828016954184e-05,-0.17143606461262054,-0.17820989085591218,-0.006773826243291647,0.00013198958566739346,0.00014923111191913314,1.7241526251739675e-05,0.1680290593265782,0.1694369947535118,0.0014079354269335986,0.0072069080162549615,0.006991432914463974,-0.00021547510179098766,70,70
same_cycle_c71,damage,0.01701499168281863,0.017056568377498055,4.1576694679423126e-05,0.017014991682818628,0.01705656837749805,4.1576694679423126e-05,0.05438034139327902,0.054743489896920086,0.000363148503641067,0.04201589885139921,0.04194469783791509,-7.120101348412344e-05,0.02071892878512016,0.014815275418599061,-0.0059036533665211,-0.0005196328782193767,-0.00024819338080295087,0.0002714394974164258,0.2873094527574928,0.28846483052851246,0.00115537777101965,0.012338011382502906,0.01200539340557593,-0.0003326179769269754,71,71
same_cycle_c71,history,0.22101671021066205,0.21256261909473004,-0.008454091115932011,0.22101671021066202,0.21256261909473,-0.008454091115932011,0.9999999999999999,0.9999999999999999,0.0,0.4764423513982443,0.5033989637428508,0.026956612344606445,0.2763429848316943,0.26769173494612974,-0.008651249885564538,-0.0002525283379111946,-0.0002124390084328353,4.00893294783593e-05,0.15694924235602137,0.16213890291946062,0.005189660563439252,0.2663170185785937,0.26676489216683114,0.0004478735882374463,71,71
same_cycle_c71,fatigue_degradation_deficit,0.030864891514893324,0.016657241717968885,-0.014207649796924439,0.03086489151489332,0.016657241717968882,-0.014207649796924439,0.22550940566958305,0.15914246195057377,-0.06636694371900928,0.2162613327589613,0.13501150239844323,-0.08124983036051808,0.3438264902001787,0.3147788076976862,-0.02904768250249251,-0.0003798171891612703,0.0006835312481018141,0.0010633484372630844,0.13134676489680733,0.1714050962981119,0.040058331401304575,0.24483967190382025,0.26379043588603546,0.018950763982215207,71,71
same_cycle_c71,ordinary_degradation_deficit,0.022909533816655073,0.022921551915542626,1.2018098887553452e-05,0.02290953381665507,0.022921551915542623,1.2018098887553452e-05,0.05438034139327902,0.054743489896920086,0.000363148503641067,0.043867147889384055,0.04377541492573121,-9.173296365284217e-05,0.02126712025836196,0.016310839972906024,-0.004956280285455937,-0.000596842944710975,-0.0003183580056140545,0.0002784849390969205,0.28749613396697954,0.28846637388709734,0.0009702399201177991,0.01430784165561497,0.013914536123449301,-0.0003933055321656692,71,71
same_cycle_c71,raw_driver,4.899306480801586,4.901219326992548,0.001912846190961659,4.899306480801585,4.901219326992547,0.001912846190961659,0.9999999999999999,0.9999999999999999,0.0,0.002035411258134367,0.002044782909997059,9.371651862691635e-06,-0.002518821663039698,-0.0022982617454890986,0.00022055991755059925,-0.00032643458888396596,-0.00011703792327746049,0.00020939666560650547,0.2877735068317186,0.28782601390295726,5.250707123866105e-05,0.0007798231094699342,0.0009730760415648408,0.00019325293209490656,71,71
same_cycle_c71,raw_cyclemax_driver,4.899306480801586,4.901219326992548,0.001912846190961659,4.899306480801585,4.901219326992547,0.001912846190961659,0.9999999999999999,0.9999999999999999,0.0,0.002035411258134367,0.002044782909997059,9.371651862691635e-06,-0.002518821663039698,-0.0022982617454890986,0.00022055991755059925,-0.00032643458888396596,-0.00011703792327746049,0.00020939666560650547,0.2877735068317186,0.28782601390295726,5.250707123866105e-05,0.0007798231094699342,0.0009730760415648408,0.00019325293209490656,71,71
same_cycle_c71,active_driver,7.770257890612664e-05,7.724123515007308e-05,-4.613437560535647e-07,7.770257890612663e-05,7.724123515007307e-05,-4.613437560535647e-07,0.9999999999999999,0.9999999999999999,0.0,0.00015313824652230039,0.00017244207453925457,1.9303828016954184e-05,-0.17145338014225855,-0.17820818908801758,-0.006754808945759028,0.00013202354435629698,0.00014923761839072882,1.721407403443184e-05,0.16799095292574143,0.16943659041758752,0.0014456374918460912,0.0072080195641862944,0.006990913239167788,-0.0002171063250185068,71,71
