label,field,metric,PIDL,FEM22_projected,PIDL_over_FEM
initial_joint,alpha,tip_2l0_mean,0.31314147314531254,0.314738863189609,0.9949247130522483
initial_joint,alpha,domain_mean,0.007967773737200898,0.008607513097589791,0.9256766323634144
initial_joint,alpha,p99,0.9329845702648161,0.9870517235994317,0.9452235865234583
initial_joint,alpha,p999,1.000438810110092,0.9968556761741638,1.0035944360067046
initial_joint,alpha,max,1.0005369186401367,0.9969969987869263,1.0035505822560324
initial_uv,alpha,tip_2l0_mean,0.2838709418676813,0.314738863189609,0.901925294483472
initial_uv,alpha,domain_mean,0.006804813303148472,0.008607513097589791,0.7905667091060138
initial_uv,alpha,p99,0.8733333349227905,0.9870517235994317,0.8847898383055853
initial_uv,alpha,p999,0.9366666674613953,0.9968556761741638,0.9396211406010465
initial_uv,alpha,max,0.9366666674613953,0.9969969987869263,0.9394879509176691
r1_uv,alpha,tip_2l0_mean,0.2838709418676813,0.314738863189609,0.901925294483472
r1_uv,alpha,domain_mean,0.006804813303148472,0.008607513097589791,0.7905667091060138
r1_uv,alpha,p99,0.8733333349227905,0.9870517235994317,0.8847898383055853
r1_uv,alpha,p999,0.9366666674613953,0.9968556761741638,0.9396211406010465
r1_uv,alpha,max,0.9366666674613953,0.9969969987869263,0.9394879509176691
r1_alpha,alpha,tip_2l0_mean,0.31578194497789025,0.314738863189609,1.0033141181794665
r1_alpha,alpha,domain_mean,0.007862669314664674,0.008607513097589791,0.9134658554125601
r1_alpha,alpha,p99,0.8915274727344509,0.9870517235994317,0.9032226492481698
r1_alpha,alpha,p999,0.977372998952866,0.9968556761741638,0.9804558697041578
r1_alpha,alpha,max,0.9850802421569824,0.9969969987869263,0.9880473495462441
r2_uv,alpha,tip_2l0_mean,0.31578194497789025,0.314738863189609,1.0033141181794665
r2_uv,alpha,domain_mean,0.007862669314664674,0.008607513097589791,0.9134658554125601
r2_uv,alpha,p99,0.8915274727344509,0.9870517235994317,0.9032226492481698
r2_uv,alpha,p999,0.977372998952866,0.9968556761741638,0.9804558697041578
r2_uv,alpha,max,0.9850802421569824,0.9969969987869263,0.9880473495462441
r2_alpha,alpha,tip_2l0_mean,0.31867603731306293,0.314738863189609,1.0125093357825408
r2_alpha,alpha,domain_mean,0.00811247457534674,0.008607513097589791,0.9424876248655761
r2_alpha,alpha,p99,0.9323023051023481,0.9870517235994317,0.9445323713154244
r2_alpha,alpha,p999,1.000243068099022,0.9968556761741638,1.0033980765780044
r2_alpha,alpha,max,1.0004098415374756,0.9969969987869263,1.0034231223912427
r3_uv,alpha,tip_2l0_mean,0.31867603731306293,0.314738863189609,1.0125093357825408
r3_uv,alpha,domain_mean,0.00811247457534674,0.008607513097589791,0.9424876248655761
r3_uv,alpha,p99,0.9323023051023481,0.9870517235994317,0.9445323713154244
r3_uv,alpha,p999,1.000243068099022,0.9968556761741638,1.0033980765780044
r3_uv,alpha,max,1.0004098415374756,0.9969969987869263,1.0034231223912427
r3_alpha,alpha,tip_2l0_mean,0.3248504610110334,0.314738863189609,1.0321269439653942
r3_alpha,alpha,domain_mean,0.007989421832393227,0.008607513097589791,0.9281916555701045
r3_alpha,alpha,p99,0.9344220745563494,0.9870517235994317,0.9466799481883681
r3_alpha,alpha,p999,1.0003557206392288,0.9968556761741638,1.0035110844515607
r3_alpha,alpha,max,1.0006077289581299,0.9969969987869263,1.0036216058579883
initial_joint,eps_eq,tip_2l0_mean,0.9328110918013638,0.8817975951126987,1.0578517076610368
initial_joint,eps_eq,domain_mean,0.13238398658442366,0.13137322151499992,1.007693843979523
initial_joint,eps_eq,p99,0.34657855093479056,15.26583920748479,0.022702882312874373
initial_joint,eps_eq,p999,59.62558366394043,31.141321869303304,1.9146773510187665
initial_joint,eps_eq,max,63.38054275512695,34.033600800343166,1.8622931827562565
initial_uv,eps_eq,tip_2l0_mean,0.9328110918013638,0.8817975951126987,1.0578517076610368
initial_uv,eps_eq,domain_mean,0.13238398658442366,0.13137322151499992,1.007693843979523
initial_uv,eps_eq,p99,0.34657855093479056,15.26583920748479,0.022702882312874373
initial_uv,eps_eq,p999,59.62558366394043,31.141321869303304,1.9146773510187665
initial_uv,eps_eq,max,63.38054275512695,34.033600800343166,1.8622931827562565
r1_uv,eps_eq,tip_2l0_mean,0.45487295886313045,0.8817975951126987,0.5158473570173381
r1_uv,eps_eq,domain_mean,0.1278354948824359,0.13137322151499992,0.9730711739290028
r1_uv,eps_eq,p99,2.4169355511665334,15.26583920748479,0.15832313692794026
r1_uv,eps_eq,p999,8.632487349510193,31.141321869303304,0.2772036262859936
r1_uv,eps_eq,max,8.973820686340332,34.033600800343166,0.26367532307218716
r1_alpha,eps_eq,tip_2l0_mean,0.45487295886313045,0.8817975951126987,0.5158473570173381
r1_alpha,eps_eq,domain_mean,0.1278354948824359,0.13137322151499992,0.9730711739290028
r1_alpha,eps_eq,p99,2.4169355511665334,15.26583920748479,0.15832313692794026
r1_alpha,eps_eq,p999,8.632487349510193,31.141321869303304,0.2772036262859936
r1_alpha,eps_eq,max,8.973820686340332,34.033600800343166,0.26367532307218716
r2_uv,eps_eq,tip_2l0_mean,0.6636166916040208,0.8817975951126987,0.7525725804675242
r2_uv,eps_eq,domain_mean,0.1276979655743945,0.13137322151499992,0.9720243144057651
r2_uv,eps_eq,p99,2.1524711108207506,15.26583920748479,0.14099919968798055
r2_uv,eps_eq,p999,28.08388556289673,31.141321869303304,0.9018205996765873
r2_uv,eps_eq,max,29.147628784179688,34.033600800343166,0.8564368182835884
r2_alpha,eps_eq,tip_2l0_mean,0.6636166916040208,0.8817975951126987,0.7525725804675242
r2_alpha,eps_eq,domain_mean,0.1276979655743945,0.13137322151499992,0.9720243144057651
r2_alpha,eps_eq,p99,2.1524711108207506,15.26583920748479,0.14099919968798055
r2_alpha,eps_eq,p999,28.08388556289673,31.141321869303304,0.9018205996765873
r2_alpha,eps_eq,max,29.147628784179688,34.033600800343166,0.8564368182835884
r3_uv,eps_eq,tip_2l0_mean,0.892152541045901,0.8817975951126987,1.0117429963413302
r3_uv,eps_eq,domain_mean,0.13080729303430502,0.13137322151499992,0.995692208243289
r3_uv,eps_eq,p99,0.5412003403902048,15.26583920748479,0.0354517254527911
r3_uv,eps_eq,p999,56.562381771087644,31.141321869303304,1.816312808058493
r3_uv,eps_eq,max,59.83981704711914,34.033600800343166,1.758257006014943
r3_alpha,eps_eq,tip_2l0_mean,0.892152541045901,0.8817975951126987,1.0117429963413302
r3_alpha,eps_eq,domain_mean,0.13080729303430502,0.13137322151499992,0.995692208243289
r3_alpha,eps_eq,p99,0.5412003403902048,15.26583920748479,0.0354517254527911
r3_alpha,eps_eq,p999,56.562381771087644,31.141321869303304,1.816312808058493
r3_alpha,eps_eq,max,59.83981704711914,34.033600800343166,1.758257006014943
initial_joint,psi_raw,tip_2l0_mean,3.713460191133786,2.8790210039561908,1.289834352035277
initial_joint,psi_raw,domain_mean,1.746960635029898,0.9048060665071079,1.930756987266701
initial_joint,psi_raw,p99,0.06971532985567988,156.2744430541712,0.0004461083238768201
initial_joint,psi_raw,p999,2392.5078330078127,651.2774658203125,3.6735615134393513
initial_joint,psi_raw,max,2703.6845703125,685.90625,3.9417698414506357
initial_uv,psi_raw,tip_2l0_mean,3.713460191133786,2.8790210039561908,1.289834352035277
initial_uv,psi_raw,domain_mean,1.746960635029898,0.9048060665071079,1.930756987266701
initial_uv,psi_raw,p99,0.06971532985567988,156.2744430541712,0.0004461083238768201
initial_uv,psi_raw,p999,2392.5078330078127,651.2774658203125,3.6735615134393513
initial_uv,psi_raw,max,2703.6845703125,685.90625,3.9417698414506357
r1_uv,psi_raw,tip_2l0_mean,0.3963207588724488,2.8790210039561908,0.13765816863713284
r1_uv,psi_raw,domain_mean,0.053110279983740225,0.9048060665071079,0.05869797070301032
r1_uv,psi_raw,p99,3.854472436904905,156.2744430541712,0.024664765150171006
r1_uv,psi_raw,p999,49.93012508392335,651.2774658203125,0.07666490505860535
r1_uv,psi_raw,max,53.94855499267578,685.90625,0.07865295729944986
r1_alpha,psi_raw,tip_2l0_mean,0.3963207588724488,2.8790210039561908,0.13765816863713284
r1_alpha,psi_raw,domain_mean,0.053110279983740225,0.9048060665071079,0.05869797070301032
r1_alpha,psi_raw,p99,3.854472436904905,156.2744430541712,0.024664765150171006
r1_alpha,psi_raw,p999,49.93012508392335,651.2774658203125,0.07666490505860535
r1_alpha,psi_raw,max,53.94855499267578,685.90625,0.07865295729944986
r2_uv,psi_raw,tip_2l0_mean,1.3337802881306526,2.8790210039561908,0.46327563650902365
r2_uv,psi_raw,domain_mean,0.4170814463172661,0.9048060665071079,0.46096225672685587
r2_uv,psi_raw,p99,3.0549694395065266,156.2744430541712,0.019548746294028047
r2_uv,psi_raw,p999,530.2861009521486,651.2774658203125,0.8142245491086199
r2_uv,psi_raw,max,571.6273193359375,685.90625,0.833389868274181
r2_alpha,psi_raw,tip_2l0_mean,1.3337802881306526,2.8790210039561908,0.46327563650902365
r2_alpha,psi_raw,domain_mean,0.4170814463172661,0.9048060665071079,0.46096225672685587
r2_alpha,psi_raw,p99,3.0549694395065266,156.2744430541712,0.019548746294028047
r2_alpha,psi_raw,p999,530.2861009521486,651.2774658203125,0.8142245491086199
r2_alpha,psi_raw,max,571.6273193359375,685.90625,0.833389868274181
r3_uv,psi_raw,tip_2l0_mean,3.3151201667449968,2.8790210039561908,1.1514748111213995
r3_uv,psi_raw,domain_mean,1.5760995455716549,0.9048060665071079,1.7419197371830104
r3_uv,psi_raw,p99,0.18249239683151205,156.2744430541712,0.0011677686591930621
r3_uv,psi_raw,p999,2153.0573879394533,651.2774658203125,3.305898792656035
r3_uv,psi_raw,max,2409.91943359375,685.90625,3.513482248621805
r3_alpha,psi_raw,tip_2l0_mean,3.3151201667449968,2.8790210039561908,1.1514748111213995
r3_alpha,psi_raw,domain_mean,1.5760995455716549,0.9048060665071079,1.7419197371830104
r3_alpha,psi_raw,p99,0.18249239683151205,156.2744430541712,0.0011677686591930621
r3_alpha,psi_raw,p999,2153.0573879394533,651.2774658203125,3.305898792656035
r3_alpha,psi_raw,max,2409.91943359375,685.90625,3.513482248621805
initial_joint,g_alpha,tip_2l0_mean,0.5541345099735264,0.5569531401259017,0.9949391969461954
initial_joint,g_alpha,domain_mean,0.9892623783856866,0.9886150670258633,1.000654765824853
initial_joint,g_alpha,p99,1.00016188621521,1.0000028610229492,1.0001590247372873
initial_joint,g_alpha,p999,1.0002305510044098,1.0000030994415283,1.000227450857911
initial_joint,g_alpha,max,1.0002899169921875,1.000003457069397,1.000286458932482
initial_uv,g_alpha,tip_2l0_mean,0.5889623404032539,0.5569531401259017,1.0574719809823074
initial_uv,g_alpha,domain_mean,0.9904399620868675,0.9886150670258633,1.0018459106298008
initial_uv,g_alpha,p99,1.0000009536743164,1.0000028610229492,0.9999980926568242
initial_uv,g_alpha,p999,1.0000009536743164,1.0000030994415283,0.9999978542394388
initial_uv,g_alpha,max,1.0000009536743164,1.000003457069397,0.9999974966135738
r1_uv,g_alpha,tip_2l0_mean,0.5889623404032539,0.5569531401259017,1.0574719809823074
r1_uv,g_alpha,domain_mean,0.9904399620868675,0.9886150670258633,1.0018459106298008
r1_uv,g_alpha,p99,1.0000009536743164,1.0000028610229492,0.9999980926568242
r1_uv,g_alpha,p999,1.0000009536743164,1.0000030994415283,0.9999978542394388
r1_uv,g_alpha,max,1.0000009536743164,1.000003457069397,0.9999974966135738
r1_alpha,g_alpha,tip_2l0_mean,0.5514319184318383,0.5569531401259017,0.9900867392671215
r1_alpha,g_alpha,domain_mean,0.9892648868752753,0.9886150670258633,1.000657303202314
r1_alpha,g_alpha,p99,1.0001890659332275,1.0000028610229492,1.0001862043775434
r1_alpha,g_alpha,p999,1.000232458114624,1.0000030994415283,1.0002293579622141
r1_alpha,g_alpha,max,1.0002615451812744,1.000003457069397,1.000258087219652
r2_uv,g_alpha,tip_2l0_mean,0.5514319184318383,0.5569531401259017,0.9900867392671215
r2_uv,g_alpha,domain_mean,0.9892648868752753,0.9886150670258633,1.000657303202314
r2_uv,g_alpha,p99,1.0001890659332275,1.0000028610229492,1.0001862043775434
r2_uv,g_alpha,p999,1.000232458114624,1.0000030994415283,1.0002293579622141
r2_uv,g_alpha,max,1.0002615451812744,1.000003457069397,1.000258087219652
r2_alpha,g_alpha,tip_2l0_mean,0.54753851156383,0.5569531401259017,0.9830961926887719
r2_alpha,g_alpha,domain_mean,0.9890934464133764,0.9886150670258633,1.0004838884247964
r2_alpha,g_alpha,p99,1.0001783394813537,1.0000028610229492,1.000175477956358
r2_alpha,g_alpha,p999,1.000235557794571,1.0000030994415283,1.0002324576325539
r2_alpha,g_alpha,max,1.0002706050872803,1.000003457069397,1.0002671470943372
r3_uv,g_alpha,tip_2l0_mean,0.54753851156383,0.5569531401259017,0.9830961926887719
r3_uv,g_alpha,domain_mean,0.9890934464133764,0.9886150670258633,1.0004838884247964
r3_uv,g_alpha,p99,1.0001783394813537,1.0000028610229492,1.000175477956358
r3_uv,g_alpha,p999,1.000235557794571,1.0000030994415283,1.0002324576325539
r3_uv,g_alpha,max,1.0002706050872803,1.000003457069397,1.0002671470943372
r3_alpha,g_alpha,tip_2l0_mean,0.5411021032437768,0.5569531401259017,0.971539729754389
r3_alpha,g_alpha,domain_mean,0.9892558337605601,0.9886150670258633,1.0006481458315464
r3_alpha,g_alpha,p99,1.0001816749572754,1.0000028610229492,1.000178813422737
r3_alpha,g_alpha,p999,1.0002505779266357,1.0000030994415283,1.0002474777180648
r3_alpha,g_alpha,max,1.000293254852295,1.000003457069397,1.0002897967810505
initial_joint,psi_active,tip_2l0_mean,0.06471796363933531,0.05526433389245597,1.171062040940836
initial_joint,psi_active,domain_mean,0.004910848814066392,0.004801877274287023,1.0226935287086338
initial_joint,psi_active,p99,0.03707803986966609,0.033885182105004706,1.094225781486646
initial_joint,psi_active,p999,0.19894381652773122,0.10800871253013611,1.8419237843634402
initial_joint,psi_active,max,0.923909068107605,0.2543211281299591,3.6328443291407697
initial_uv,psi_active,tip_2l0_mean,0.09027795551174919,0.05526433389245597,1.6335663375121738
initial_uv,psi_active,domain_mean,0.02232830181694528,0.004801877274287023,4.649910970550692
initial_uv,psi_active,p99,0.05399847734719483,0.033885182105004706,1.5935719979270666
initial_uv,psi_active,p999,34.41490026855496,0.10800871253013611,318.6307795211675
initial_uv,psi_active,max,43.38181686401367,0.2543211281299591,170.5788944198352
r1_uv,psi_active,tip_2l0_mean,0.025576349835318975,0.05526433389245597,0.46280029150609836
r1_uv,psi_active,domain_mean,0.007462434737654181,0.004801877274287023,1.554066110271882
r1_uv,psi_active,p99,0.06344602487981302,0.033885182105004706,1.8723825854972251
r1_uv,psi_active,p999,0.7824648349285147,0.10800871253013611,7.244460345828073
r1_uv,psi_active,max,0.8650023937225342,0.2543211281299591,3.4012211257592195
r1_alpha,psi_active,tip_2l0_mean,0.02098102239683555,0.05526433389245597,0.379648516847493
r1_alpha,psi_active,domain_mean,0.0070324841628725925,0.004801877274287023,1.4645280920714008
r1_alpha,psi_active,p99,0.03988079637289024,0.033885182105004706,1.1769391189725968
r1_alpha,psi_active,p999,0.12444802290946531,0.10800871253013611,1.1522035583448176
r1_alpha,psi_active,max,0.26150187849998474,0.2543211281299591,1.0282349737232852
r2_uv,psi_active,tip_2l0_mean,0.037319207784209156,0.05526433389245597,0.6752855803316492
r2_uv,psi_active,domain_mean,0.006312940193915989,0.004801877274287023,1.3146817032830824
r2_uv,psi_active,p99,0.04276679173111903,0.033885182105004706,1.262108953659793
r2_uv,psi_active,p999,1.2600087108612181,0.10800871253013611,11.665806223823436
r2_uv,psi_active,max,3.411724090576172,0.2543211281299591,13.415024208420338
r2_alpha,psi_active,tip_2l0_mean,0.036484783868218074,0.05526433389245597,0.6601868022008051
r2_alpha,psi_active,domain_mean,0.005616357011293393,0.004801877274287023,1.1696169415590287
r2_alpha,psi_active,p99,0.03232191428542125,0.033885182105004706,0.9538657394627793
r2_alpha,psi_active,p999,0.09607440619915814,0.10800871253013611,0.8895060773208632
r2_alpha,psi_active,max,0.2594282925128937,0.2543211281299591,1.0200815575980176
r3_uv,psi_active,tip_2l0_mean,0.05757906448372776,0.05526433389245597,1.0418847098704969
r3_uv,psi_active,domain_mean,0.004948499271211299,0.004801877274287023,1.0305343074279312
r3_uv,psi_active,p99,0.03546125978231419,0.033885182105004706,1.0465122976888679
r3_uv,psi_active,p999,0.23056839948893082,0.10800871253013611,2.1347203766047915
r3_uv,psi_active,max,0.9815862774848938,0.2543211281299591,3.859633231035761
r3_alpha,psi_active,tip_2l0_mean,0.05404196717383363,0.05526433389245597,0.9778814538685827
r3_alpha,psi_active,domain_mean,0.004850560770552302,0.004801877274287023,1.0101384299273886
r3_alpha,psi_active,p99,0.032850833795964714,0.033885182105004706,0.9694749077683952
r3_alpha,psi_active,p999,0.12338621886819927,0.10800871253013611,1.1423728325043463
r3_alpha,psi_active,max,0.3176754117012024,0.2543211281299591,1.2491113657645816
